ID,ID_original,GUID,Date (GMT),URL,Post_Title,Q1,Q2,Q3_1_og,Q3_2_og,Train,Q3_1,Q3_2,Q3_3,Q3_4,Q3_5,Q3_6,Q3_7,Q3_8,Q3_clean,text_content,image_data_url,final_input,D2_GPT_4o_initial_labeling,D2_GPT_4o_initial_labeling_raw,D2_GPT_4o_initial_labeling_1,D2_GPT_4o_initial_labeling_2,D2_GPT_4o_initial_labeling_3,D2_GPT_4o_initial_labeling_4,D2_GPT_4o_initial_labeling_5,D2_GPT_4o_initial_labeling_6,D2_GPT_4o_initial_labeling_7,D2_GPT_4o_initial_labeling_8
1396,6481,585fc69e-51da-4017-bbfe-e104b8880f52,2018-01-06 09:17:47,https://www.yahoo.com/news/trump-administration-considers-eliminating-immigration-213500134.html,Trump administration considers eliminating immigration policy seen as a lifeline for thousands,1,2,6,7,1,0,0,0,0,0,1,1,0,"[0, 0, 0, 0, 0, 1, 1, 0]",Trump administration considers eliminating immigration policy seen as a lifeline for thousands,,Trump administration considers eliminating immigration policy seen as a lifeline for thousands,"[0, 0, 0, 0, 0, 1, 0, 0]","[0, 0, 0, 0, 0, 1, 0, 0]",0,0,0,0,0,1,0,0
354,1728,9d429eec-01ad-4a6d-aad1-5d961d88baa1,2018-01-05 20:42:02,https://www.newsmax.com/newsfront/us-san-francisco-pier-shooting/2018/01/05/id/835469/,Immigrant Acquitted of Killing Is Sentenced for Gun Charge,1,1,2,99,1,0,1,0,0,0,0,0,0,"[0, 1, 0, 0, 0, 0, 0, 0]",Immigrant Acquitted of Killing Is Sentenced for Gun Charge,,Immigrant Acquitted of Killing Is Sentenced for Gun Charge,"[0, 0, 0, 0, 0, 0, 1, 0]","[0, 0, 0, 0, 0, 0, 1, 0]",0,0,0,0,0,0,1,0
1336,6176,d27c43fa-c5e3-41a0-9f89-ef7922db4bf3,2018-01-14 13:05:06,http://www.latimes.com/nation/sns-bc-eu--europe-migrants-20180114-story.html,Pope: It's a sin if fear makes us hostile to migrants,2,99,99,99,1,0,0,0,0,0,0,0,0,"[0, 0, 0, 0, 0, 0, 0, 0]",Pope: It's a sin if fear makes us hostile to migrants,,Pope: It's a sin if fear makes us hostile to migrants,"[0, 0, 0, 1, 0, 0, 0, 0]","[0, 0, 0, 1, 0, 0, 0, 0]",0,0,0,1,0,0,0,0
907,4375,ce5a0f99-1795-4e65-b6f1-6352b753b9c0,2018-01-12 00:14:46,https://www.yahoo.com/news/m/3dfd9bf2-167d-3985-a30d-03476ad1efee/ss_ice-agents-descend-on-dozens.html,ICE agents descend on dozens of 7-Eleven stores in immigration operation,1,2,2,1,1,1,1,0,0,0,0,0,0,"[1, 1, 0, 0, 0, 0, 0, 0]",ICE agents descend on dozens of 7-Eleven stores in immigration operation,,ICE agents descend on dozens of 7-Eleven stores in immigration operation,"[0, 1, 0, 0, 0, 0, 0, 0]","[0, 1, 0, 0, 0, 0, 0, 0]",0,1,0,0,0,0,0,0
1291,5956,73c5fca9-683d-4292-9b5a-879f8df0e7b1,2018-01-10 17:20:29,http://www.breitbart.com/big-hollywood/2018/01/10/james-woods-warns-trump-fold-immigration-youre-one-term-president/,"James Woods Warns Trump: 'If You Fold on Immigration, You're a One-Term President'",1,2,6,99,1,0,0,0,0,0,1,0,0,"[0, 0, 0, 0, 0, 1, 0, 0]","James Woods Warns Trump: 'If You Fold on Immigration, You're a One-Term President'",,"James Woods Warns Trump: 'If You Fold on Immigration, You're a One-Term President'","[0, 0, 0, 0, 0, 1, 0, 0]","[0, 0, 0, 0, 0, 1, 0, 0]",0,0,0,0,0,1,0,0
1275,5902,4fdf4395-1910-4b74-9f1d-e2b70a33a10b,2018-01-10 01:11:59,https://www.newsmax.com/politics/daca-border-wall-funding-congress/2018/01/09/id/836162/,Trump: Wall 'Must'Be Part of Any DACA Deal,1,2,6,7,1,0,0,0,0,0,1,1,0,"[0, 0, 0, 0, 0, 1, 1, 0]",Trump: Wall 'Must'Be Part of Any DACA Deal,,Trump: Wall 'Must'Be Part of Any DACA Deal,"[0, 0, 0, 0, 0, 1, 0, 0]","[0, 0, 0, 0, 0, 1, 0, 0]",0,0,0,0,0,1,0,0
940,4520,fde7fb19-8fe6-4b9b-a53f-70e91a55d8f6,2018-01-04 04:39:27,http://dailycaller.com/2018/01/03/tucker-bursts-into-laughter-during-interview-with-dem-congressman-on-immigration-video/,Tucker Bursts Into Laughter During Interview With Dem Congressman On Immigration [VIDEO],1,1,6,99,1,0,0,0,0,0,1,0,0,"[0, 0, 0, 0, 0, 1, 0, 0]",Tucker Bursts Into Laughter During Interview With Dem Congressman On Immigration [VIDEO],,Tucker Bursts Into Laughter During Interview With Dem Congressman On Immigration [VIDEO],"[0, 0, 0, 0, 0, 1, 0, 0]","[0, 0, 0, 0, 0, 1, 0, 0]",0,0,0,0,0,1,0,0
1734,8006,bb744fe6-6ed6-4786-8ac0-09b5d96a6ee0,2018-01-09 22:00:32,https://www.yahoo.com/news/trump-suggests-2-phase-immigration-deal-dreamers-175631963--politics.html,Trump presents deal for immigration overhaul,1,2,6,7,1,0,0,0,0,0,1,1,0,"[0, 0, 0, 0, 0, 1, 1, 0]",Trump presents deal for immigration overhaul,,Trump presents deal for immigration overhaul,"[0, 0, 0, 0, 0, 1, 1, 0]","[0, 0, 0, 0, 0, 1, 1, 0]",0,0,0,0,0,1,1,0
66,286,bf4ef57d-4dbc-4bd7-9a39-560650b31853,2018-01-04 03:20:42,https://www.newsmax.com/politics/border-wall-budget-government-shutdown-congress/2018/01/03/id/835022/,The Hill: Border Wall Confusion Holds Up Govt Shutdown Talks,1,2,6,99,1,0,0,0,0,0,1,0,0,"[0, 0, 0, 0, 0, 1, 0, 0]",The Hill: Border Wall Confusion Holds Up Govt Shutdown Talks,,The Hill: Border Wall Confusion Holds Up Govt Shutdown Talks,"[0, 0, 0, 0, 0, 1, 1, 0]","[0, 0, 0, 0, 0, 1, 1, 0]",0,0,0,0,0,1,1,0
1048,4993,928ded16-8c65-48f3-8963-dc7e3228ae2d,2018-01-11 04:20:55,https://www.huffingtonpost.com/entry/democrats-daca-shutdown_us_5a56b1fee4b0a300f905b6f2,"Democrats, GOP Far Apart On Immigration Deal, Raising Government Shutdown Risk",1,2,7,99,1,0,0,0,0,0,0,1,0,"[0, 0, 0, 0, 0, 0, 1, 0]","Democrats, GOP Far Apart On Immigration Deal, Raising Government Shutdown Risk",,"Democrats, GOP Far Apart On Immigration Deal, Raising Government Shutdown Risk","[0, 0, 0, 0, 0, 1, 0, 0]","[0, 0, 0, 0, 0, 1, 0, 0]",0,0,0,0,0,1,0,0
57,263,ab894137-f2d8-4953-a83e-0c291ecbd686,2018-01-03 12:04:32,http://thehill.com/opinion/immigration/367067-trumps-war-on-immigration-caseworkers-needs-to-end,Trump's war on immigration caseworkers needs to end,1,2,6,99,1,0,0,0,0,0,1,0,0,"[0, 0, 0, 0, 0, 1, 0, 0]",Trump's war on immigration caseworkers needs to end,,Trump's war on immigration caseworkers needs to end,"[0, 0, 0, 0, 0, 1, 0, 0]","[0, 0, 0, 0, 0, 1, 0, 0]",0,0,0,0,0,1,0,0
1034,4944,6aaa9639-9df8-4e3b-9d9b-b5e038f779fd,2018-01-10 08:29:02,http://abcnews.go.com/nightline/video/deadly-california-mudslides-swallow-lives-homes-cars-52252070,"WATCH: Deadly California mudslides swallow lives, homes, cars",2,99,99,99,1,0,0,0,0,0,0,0,0,"[0, 0, 0, 0, 0, 0, 0, 0]","WATCH: Deadly California mudslides swallow lives, homes, cars",,"WATCH: Deadly California mudslides swallow lives, homes, cars","[0, 0, 0, 0, 0, 0, 0, 0]","[0, 0, 0, 0, 0, 0, 0, 0]",0,0,0,0,0,0,0,0
1469,6805,fb87bca0-e228-4d11-a5f3-076654265371,2018-01-04 00:48:46,https://www.dailykos.com/stories/2018/1/3/1729585/-Washington-state-attorney-general-sues-Motel-6-for-helping-ICE,Washington state sues Motel 6 for sharing guests' information with border agents,1,1,2,99,1,0,1,0,0,0,0,0,0,"[0, 1, 0, 0, 0, 0, 0, 0]",Washington state sues Motel 6 for sharing guests' information with border agents,,Washington state sues Motel 6 for sharing guests' information with border agents,"[0, 0, 0, 1, 0, 0, 1, 0]","[0, 0, 0, 1, 0, 0, 1, 0]",0,0,0,1,0,0,1,0
585,2886,53614857-21d8-4f17-97da-c86d6de3f4e1,2018-01-14 23:41:42,http://abcnews.go.com/thisweek/video/trump-inflammatory-comments-hole-countries-oval-office-immigration-52342531,WATCH: Trump inflammatory comments on 's---hole countries' in Oval Office immigration meeting,1,2,6,4,1,0,0,0,1,0,1,0,0,"[0, 0, 0, 1, 0, 1, 0, 0]",WATCH: Trump inflammatory comments on 's---hole countries' in Oval Office immigration meeting,,WATCH: Trump inflammatory comments on 's---hole countries' in Oval Office immigration meeting,"[0, 0, 0, 0, 0, 1, 0, 0]","[0, 0, 0, 0, 0, 1, 0, 0]",0,0,0,0,0,1,0,0
375,1820,79359805-af9b-4190-a777-7e59de72ec83,2018-01-01 07:05:55,http://www.latimes.com/local/lanow/la-me-border-patrol-attack-20171231-story.html,Border Patrol agent injured when assailant throws grapefruit-size rock - LA Times,1,1,2,99,1,0,1,0,0,0,0,0,0,"[0, 1, 0, 0, 0, 0, 0, 0]",Border Patrol agent injured when assailant throws grapefruit-size rock - LA Times,,Border Patrol agent injured when assailant throws grapefruit-size rock - LA Times,"[0, 1, 0, 0, 0, 0, 0, 0]","[0, 1, 0, 0, 0, 0, 0, 0]",0,1,0,0,0,0,0,0
276,1358,d2b37927-686a-473c-8e19-f6304a097ace,2018-01-14 20:51:57,https://www.huffingtonpost.com/entry/pope-francis-immigrants_us_5a5ba151e4b03c418966aefc?section=us_black-voices,Pope Francis Says 'Doubts And Fears' Should Not Determine Response To Immigrants,2,99,99,99,1,0,0,0,0,0,0,0,0,"[0, 0, 0, 0, 0, 0, 0, 0]",Pope Francis Says 'Doubts And Fears' Should Not Determine Response To Immigrants,,Pope Francis Says 'Doubts And Fears' Should Not Determine Response To Immigrants,"[0, 0, 0, 1, 0, 0, 0, 0]","[0, 0, 0, 1, 0, 0, 0, 0]",0,0,0,1,0,0,0,0
747,3678,5809a8d2-14bb-4c36-87de-aa4706e9aa68,2018-01-13 15:35:08,http://www.foxnews.com/politics/2018/01/13/trump-criticizes-democrats-over-daca-as-bipartisan-immigration-deal-next-week-seems-less-likely.html,Trump criticizes Democrats over DACA as bipartisan immigration deal next week seems less likely,1,2,6,7,1,0,0,0,0,0,1,1,0,"[0, 0, 0, 0, 0, 1, 1, 0]",Trump criticizes Democrats over DACA as bipartisan immigration deal next week seems less likely,,Trump criticizes Democrats over DACA as bipartisan immigration deal next week seems less likely,"[0, 0, 0, 0, 0, 1, 0, 0]","[0, 0, 0, 0, 0, 1, 0, 0]",0,0,0,0,0,1,0,0
129,644,a37b1bbd-7c23-4cd0-82ad-441b65d632b8,2018-01-12 04:05:35,http://www.breitbart.com/tag/illegal-immigrant-teens/,illegal immigrant teens,2,99,99,99,1,0,0,0,0,0,0,0,0,"[0, 0, 0, 0, 0, 0, 0, 0]",illegal immigrant teens,,illegal immigrant teens,"[0, 0, 0, 0, 0, 0, 0, 0]","[0, 0, 0, 0, 0, 0, 0, 0]",0,0,0,0,0,0,0,0
1446,6717,38e493ec-b823-4c86-9f3e-c3007d460823,2018-01-08 16:31:42,https://www.nytimes.com/aponline/2018/01/08/us/ap-us-sexual-misconduct-immigrant-detention.html,Advocates Want #MeToo Debate to Include Immigrant Detention,1,2,8,4,1,0,0,0,1,0,0,0,1,"[0, 0, 0, 1, 0, 0, 0, 1]",Advocates Want #MeToo Debate to Include Immigrant Detention,,Advocates Want #MeToo Debate to Include Immigrant Detention,"[0, 0, 0, 1, 0, 0, 0, 0]","[0, 0, 0, 1, 0, 0, 0, 0]",0,0,0,1,0,0,0,0
1516,6994,417c713d-1285-4ed9-a01c-1fd4f62a0184,2018-01-11 02:38:22,http://thehill.com/blogs/blog-briefing-room/news/368429-ann-coulter-torches-trump-for-immigration-meeting,Ann Coulter torches Trump for immigration meeting | TheHill,1,2,6,99,1,0,0,0,0,0,1,0,0,"[0, 0, 0, 0, 0, 1, 0, 0]",Ann Coulter torches Trump for immigration meeting | TheHill,,Ann Coulter torches Trump for immigration meeting | TheHill,"[0, 0, 0, 0, 0, 1, 0, 0]","[0, 0, 0, 0, 0, 1, 0, 0]",0,0,0,0,0,1,0,0
675,3325,9714b06e-238e-461f-b50c-f79eab8fbdf4,2018-01-12 14:42:52,https://www.yahoo.com/news/trump-full-list-racist-comments-004251682.html,"Trump’s Full List of ‘Racist’ Comments About Immigrants, Muslims And Others",1,2,6,4,1,0,0,0,1,0,1,0,0,"[0, 0, 0, 1, 0, 1, 0, 0]","Trump’s Full List of ‘Racist’ Comments About Immigrants, Muslims And Others",,"Trump’s Full List of ‘Racist’ Comments About Immigrants, Muslims And Others","[0, 0, 0, 1, 0, 0, 0, 1]","[0, 0, 0, 1, 0, 0, 0, 1]",0,0,0,1,0,0,0,1
1330,6145,937ab544-51ca-4ef0-b45a-594021188f60,2018-01-03 01:53:07,http://www.latimes.com/sns-bc-us--trump-immigration-20180103-story.html,Immigration official wants pols in sanctuary cities charged,1,2,2,99,1,0,1,0,0,0,0,0,0,"[0, 1, 0, 0, 0, 0, 0, 0]",Immigration official wants pols in sanctuary cities charged,,Immigration official wants pols in sanctuary cities charged,"[0, 1, 0, 0, 0, 1, 0, 0]","[0, 1, 0, 0, 0, 1, 0, 0]",0,1,0,0,0,1,0,0
1262,5851,91e7bf2e-8599-4f0b-8487-4071fbd1cfdb,2018-01-11 17:36:46,http://abcnews.go.com/politics/note-trump-gop-fenced-wall-immigration/story?id=52256740,"The Note: Trump and GOP fenced in by wall, immigration - ABC News",1,2,6,7,1,0,0,0,0,0,1,1,0,"[0, 0, 0, 0, 0, 1, 1, 0]","The Note: Trump and GOP fenced in by wall, immigration - ABC News",,"The Note: Trump and GOP fenced in by wall, immigration - ABC News","[0, 0, 0, 0, 0, 1, 0, 0]","[0, 0, 0, 0, 0, 1, 0, 0]",0,0,0,0,0,1,0,0
1085,5150,932ac3b8-5a4a-46b8-a9bf-51ac1dff1cf6,2018-01-12 23:37:42,https://www.politico.com/story/2018/01/12/trump-shithole-remarks-immigration-daca-dreamers-339181,Trump’s ‘shithole’ remarks roil immigration talks,1,2,6,4,1,0,0,0,1,0,1,0,0,"[0, 0, 0, 1, 0, 1, 0, 0]",Trump’s ‘shithole’ remarks roil immigration talks,,Trump’s ‘shithole’ remarks roil immigration talks,"[0, 0, 0, 0, 0, 1, 0, 0]","[0, 0, 0, 0, 0, 1, 0, 0]",0,0,0,0,0,1,0,0
1775,8217,7980fa52-04b9-44bc-afbb-1ee4e9b49dd0,2018-01-12 14:10:54,http://www.breitbart.com/london/2018/01/12/czech-presidential-election-underway-anti-mass-migration-zeman-favourite/,Czech Presidential Election Underway: Anti-Mass Migration Zeman is Favourite,2,99,99,99,1,0,0,0,0,0,0,0,0,"[0, 0, 0, 0, 0, 0, 0, 0]",Czech Presidential Election Underway: Anti-Mass Migration Zeman is Favourite,,Czech Presidential Election Underway: Anti-Mass Migration Zeman is Favourite,"[0, 0, 0, 0, 0, 1, 0, 0]","[0, 0, 0, 0, 0, 1, 0, 0]",0,0,0,0,0,1,0,0
100,471,5be55f59-35e0-4488-8d22-3a7cc85f7efd,2018-01-10 22:38:36,http://www.chicagotribune.com/news/opinion/commentary/ct-perspec-wall-border-trump-immigration-wilkinson-0112-20180110-story.html,Commentary: Just let Trump have his border wall,1,2,6,99,1,0,0,0,0,0,1,0,0,"[0, 0, 0, 0, 0, 1, 0, 0]",Commentary: Just let Trump have his border wall,,Commentary: Just let Trump have his border wall,"[0, 0, 0, 0, 0, 1, 0, 0]","[0, 0, 0, 0, 0, 1, 0, 0]",0,0,0,0,0,1,0,0
1103,5236,fcb4e1dc-1a96-4dd8-b58c-819a348e4808,2018-01-12 01:38:00,http://abcnews.go.com/Politics/sources-trump-questions-allowing-immigrants-haiti-africa-hole/story?id=52295756,"Sources: Trump questions allowing immigrants from Haiti, Africa, other ‘s---hole’ countries",1,2,6,4,1,0,0,0,1,0,1,0,0,"[0, 0, 0, 1, 0, 1, 0, 0]","Sources: Trump questions allowing immigrants from Haiti, Africa, other ‘s---hole’ countries",,"Sources: Trump questions allowing immigrants from Haiti, Africa, other ‘s---hole’ countries","[0, 0, 0, 0, 0, 1, 0, 0]","[0, 0, 0, 0, 0, 1, 0, 0]",0,0,0,0,0,1,0,0
966,4614,762f2168-f772-4752-99a9-b84cfc5b3cac,2018-01-06 00:28:59,http://thehill.com/opinion/immigration/367642-looming-salvadoran-immigration-crisis-sits-just-around-the-corner,Looming Salvadoran immigration crisis sits just around the corner | TheHill,1,2,5,99,1,0,0,0,0,1,0,0,0,"[0, 0, 0, 0, 1, 0, 0, 0]",Looming Salvadoran immigration crisis sits just around the corner | TheHill,,Looming Salvadoran immigration crisis sits just around the corner | TheHill,"[0, 0, 0, 0, 0, 1, 0, 0]","[0, 0, 0, 0, 0, 1, 0, 0]",0,0,0,0,0,1,0,0
793,3851,07d55f59-dc33-4ef9-925f-d516130bca19,2018-01-03 01:15:37,http://www.breitbart.com/news/homeland-chief-wait-and-see-on-citizenship-for-immigrants/,Homeland chief: Wait and see on citizenship for immigrants,1,2,6,99,1,0,0,0,0,0,1,0,0,"[0, 0, 0, 0, 0, 1, 0, 0]",Homeland chief: Wait and see on citizenship for immigrants,,Homeland chief: Wait and see on citizenship for immigrants,"[0, 0, 0, 0, 0, 1, 0, 0]","[0, 0, 0, 0, 0, 1, 0, 0]",0,0,0,0,0,1,0,0
30,132,378d0a19-1ee9-4ba1-a544-3255af7a0a2e,2018-01-10 08:22:51,http://www.latimes.com/nation/sns-bc-us--trump-immigration-legal-challenge-20180110-story.html,Judge blocks Trump decision to end young immigrant program,1,2,7,6,1,0,0,0,0,0,1,1,0,"[0, 0, 0, 0, 0, 1, 1, 0]",Judge blocks Trump decision to end young immigrant program,,Judge blocks Trump decision to end young immigrant program,"[0, 0, 0, 0, 0, 1, 0, 0]","[0, 0, 0, 0, 0, 1, 0, 0]",0,0,0,0,0,1,0,0
629,3091,114611bc-3996-46a0-b630-0b1850dc7243,2018-01-08 23:45:50,https://www.yahoo.com/news/south-korean-officials-head-border-talks-north-225304077.html,South Korean officials head to border for talks with North,2,99,99,99,1,0,0,0,0,0,0,0,0,"[0, 0, 0, 0, 0, 0, 0, 0]",South Korean officials head to border for talks with North,,South Korean officials head to border for talks with North,"[0, 0, 0, 0, 0, 0, 0, 0]","[0, 0, 0, 0, 0, 0, 0, 0]",0,0,0,0,0,0,0,0
1308,6051,963855f2-15e5-4740-8435-c14f3f47d09d,2018-01-09 09:31:08,https://www.vox.com/vox-sentences/2018/1/8/16866110/vox-sentences-trump-salvadoran-immigrants,"Vox Sentences: Trump’s next target — 260,000 Salvadoran immigrants",1,2,6,99,1,0,0,0,0,0,1,0,0,"[0, 0, 0, 0, 0, 1, 0, 0]","Vox Sentences: Trump’s next target — 260,000 Salvadoran immigrants",,"Vox Sentences: Trump’s next target — 260,000 Salvadoran immigrants","[0, 0, 0, 0, 0, 1, 0, 0]","[0, 0, 0, 0, 0, 1, 0, 0]",0,0,0,0,0,1,0,0
573,2807,ab96a61c-9a87-46a2-a266-5cfdfd5af0fc,2018-01-11 04:38:46,http://www.cnn.com/transcripts/1801/10/cnr.05.html,"Trump Tries Clarifying: Wall Must Be in ""Dreamer"" Deal; Soon: Trump's Joint News Conference With Norway's Leader; Trump Grants GOP- Led Florida Exemption From Drilling Plan; Interview with Congressman Mark Sanford of South Carolina. Aired 2-2:30p ET",1,2,6,7,1,0,0,0,0,0,1,1,0,"[0, 0, 0, 0, 0, 1, 1, 0]","Trump Tries Clarifying: Wall Must Be in ""Dreamer"" Deal; Soon: Trump's Joint News Conference With Norway's Leader; Trump Grants GOP- Led Florida Exemption From Drilling Plan; Interview with Congressman Mark Sanford of South Carolina. Aired 2-2:30p ET",,"Trump Tries Clarifying: Wall Must Be in ""Dreamer"" Deal; Soon: Trump's Joint News Conference With Norway's Leader; Trump Grants GOP- Led Florida Exemption From Drilling Plan; Interview with Congressman Mark Sanford of South Carolina. Aired 2-2:30p ET","[0, 0, 0, 0, 0, 1, 0, 0]","[0, 0, 0, 0, 0, 1, 0, 0]",0,0,0,0,0,1,0,0
1221,5708,f5e1437e-c764-4716-a253-514e808653cc,2018-01-12 02:52:34,http://www.cnn.com/2018/01/11/politics/immigrants-shithole-countries-trump/index.html?utm_source=feedburner&utm_medium=feed&utm_campaign=feed%3a+rss%2fcnn_latest+%28rss%3a+cnn+-+most+recent%29,Trump decries immigrants from 'shithole countries' coming to US,1,2,6,4,1,0,0,0,1,0,1,0,0,"[0, 0, 0, 1, 0, 1, 0, 0]",Trump decries immigrants from 'shithole countries' coming to US,,Trump decries immigrants from 'shithole countries' coming to US,"[0, 1, 0, 0, 0, 1, 0, 0]","[0, 1, 0, 0, 0, 1, 0, 0]",0,1,0,0,0,1,0,0
1769,8188,fa721024-da0c-4165-a949-4209daf118ec,2018-01-13 00:58:05,https://www.yahoo.com/news/m/866860b1-e475-3986-9e7c-f15cff0dc48a/ss_trump-faces-more-criticism.html,Trump faces more criticism from Congress over remarks on immigration | Jamie Dupree jamiedupree.blog.ajc.com,1,2,6,4,1,0,0,0,1,0,1,0,0,"[0, 0, 0, 1, 0, 1, 0, 0]",Trump faces more criticism from Congress over remarks on immigration | Jamie Dupree jamiedupree.blog.ajc.com,,Trump faces more criticism from Congress over remarks on immigration | Jamie Dupree jamiedupree.blog.ajc.com,"[0, 0, 0, 0, 0, 1, 0, 0]","[0, 0, 0, 0, 0, 1, 0, 0]",0,0,0,0,0,1,0,0
451,2226,b7e02fb2-ca9f-4094-a44b-5de2f43fa52b,2018-01-11 22:15:54,http://dailycaller.com/2018/01/11/report-trump-upset-that-people-from-shole-countries-immigrate-to-america/,Report: Trump Upset That ‘People From S***hole’ Countries’ Immigrate To America,1,2,6,4,1,0,0,0,1,0,1,0,0,"[0, 0, 0, 1, 0, 1, 0, 0]",Report: Trump Upset That ‘People From S***hole’ Countries’ Immigrate To America,,Report: Trump Upset That ‘People From S***hole’ Countries’ Immigrate To America,"[0, 1, 0, 0, 0, 1, 0, 0]","[0, 1, 0, 0, 0, 1, 0, 0]",0,1,0,0,0,1,0,0
1612,7433,c422f826-6b71-4819-a3e1-f7d593859cd4,2018-01-09 09:10:40,http://www.breitbart.com/news/venue-for-korea-talks-is-potential-flash-point-inside-border/,Venue for Korea talks is potential flash point inside border - Breitbart,2,99,99,99,1,0,0,0,0,0,0,0,0,"[0, 0, 0, 0, 0, 0, 0, 0]",Venue for Korea talks is potential flash point inside border - Breitbart,,Venue for Korea talks is potential flash point inside border - Breitbart,"[0, 0, 0, 0, 0, 0, 0, 0]","[0, 0, 0, 0, 0, 0, 0, 0]",0,0,0,0,0,0,0,0
1408,6528,624beb8f-d767-494b-bf09-1095758434db,2018-01-13 11:07:44,http://thehill.com/homenews/senate/368854-harris-slams-trump-for-hateful-words-amid-immigration-debate,Harris slams Trump for 'hateful words'amid immigration debate,1,2,6,4,1,0,0,0,1,0,1,0,0,"[0, 0, 0, 1, 0, 1, 0, 0]",Harris slams Trump for 'hateful words'amid immigration debate,,Harris slams Trump for 'hateful words'amid immigration debate,"[0, 0, 0, 0, 0, 1, 0, 0]","[0, 0, 0, 0, 0, 1, 0, 0]",0,0,0,0,0,1,0,0
1207,5670,97ee3ed9-4228-4851-af09-159ad5499431,2018-01-10 03:22:04,http://thehill.com/homenews/senate/368221-trump-lawmakers-take-key-step-toward-immigration-deal,"Trump, lawmakers take key step toward immigration deal | TheHill",1,2,6,7,1,0,0,0,0,0,1,1,0,"[0, 0, 0, 0, 0, 1, 1, 0]","Trump, lawmakers take key step toward immigration deal | TheHill",,"Trump, lawmakers take key step toward immigration deal | TheHill","[0, 0, 0, 0, 0, 1, 1, 0]","[0, 0, 0, 0, 0, 1, 1, 0]",0,0,0,0,0,1,1,0
255,1204,0dad6da5-f5b2-45cb-8105-dfdfa0bda038,2018-01-09 01:54:35,http://www.foxnews.com/world/2018/01/08/north-south-korea-begin-rare-talks-at-border-ahead-olympics.html,"North, South Korea begin rare talks at the border ahead of Olympics",2,99,99,99,1,0,0,0,0,0,0,0,0,"[0, 0, 0, 0, 0, 0, 0, 0]","North, South Korea begin rare talks at the border ahead of Olympics",,"North, South Korea begin rare talks at the border ahead of Olympics","[0, 0, 0, 0, 0, 0, 0, 0]","[0, 0, 0, 0, 0, 0, 0, 0]",0,0,0,0,0,0,0,0
125,615,285c4683-baf9-48f3-a47d-fbcb9b96961b,2018-01-11 14:21:34,http://thehill.com/homenews/house/368460-texas-dem-i-dont-know-what-to-believe-about-what-trump-wants-for-wall,Texas Dem: ‘I don’t know what to believe’ about what Trump wants for wall,1,2,6,99,1,0,0,0,0,0,1,0,0,"[0, 0, 0, 0, 0, 1, 0, 0]",Texas Dem: ‘I don’t know what to believe’ about what Trump wants for wall,,Texas Dem: ‘I don’t know what to believe’ about what Trump wants for wall,"[0, 0, 0, 0, 0, 1, 0, 0]","[0, 0, 0, 0, 0, 1, 0, 0]",0,0,0,0,0,1,0,0
1930,187,b08f6bfa-efa2-443f-8b96-e20ab2966938,2018-02-09 21:25:18,http://thehill.com/opinion/immigration/373179-our-immigration-policies-are-harming-children,Our immigration policies are harming children,1,2,7,3,1,0,0,1,0,0,0,1,0,"[0, 0, 1, 0, 0, 0, 1, 0]",Our immigration policies are harming children,,Our immigration policies are harming children,"[0, 0, 1, 1, 0, 0, 0, 0]","[0, 0, 1, 1, 0, 0, 0, 0]",0,0,1,1,0,0,0,0
252,1196,451bf037-bd02-4089-a3f2-4c7252ba512b,2018-01-05 18:32:07,http://www.breitbart.com/national-security/2017/12/15/china-beefing-military-presence-indian-border/,Report: China Beefing Up Military Presence Near Indian Border,2,99,99,99,1,0,0,0,0,0,0,0,0,"[0, 0, 0, 0, 0, 0, 0, 0]",Report: China Beefing Up Military Presence Near Indian Border,,Report: China Beefing Up Military Presence Near Indian Border,"[0, 0, 0, 0, 0, 0, 0, 0]","[0, 0, 0, 0, 0, 0, 0, 0]",0,0,0,0,0,0,0,0
586,2887,59ccf352-1c7c-40de-82b0-ab93033c5289,2018-01-07 22:56:30,http://dailycaller.com/2018/01/06/us-authorities-inspection-of-electronics-at-the-border-surged-in-2017-says-cbp/,The Number Of Electronic Devices Searched At The Border Surged In 2017,1,2,2,99,1,0,1,0,0,0,0,0,0,"[0, 1, 0, 0, 0, 0, 0, 0]",The Number Of Electronic Devices Searched At The Border Surged In 2017,,The Number Of Electronic Devices Searched At The Border Surged In 2017,"[0, 0, 0, 0, 0, 0, 1, 0]","[0, 0, 0, 0, 0, 0, 1, 0]",0,0,0,0,0,0,1,0
1269,5886,7fd1f474-383e-44b0-95f7-2d0ebfafe0c7,2018-01-12 20:09:19,https://www.usatoday.com/story/news/politics/2018/01/12/paul-ryan-donald-trump-comments-immigration/1028867001/,Paul Ryan: Trump&apos;s comments on immigration &apos;unhelpful&apos;,1,2,6,99,1,0,0,0,0,0,1,0,0,"[0, 0, 0, 0, 0, 1, 0, 0]",Paul Ryan: Trump&apos;s comments on immigration &apos;unhelpful&apos;,,Paul Ryan: Trump&apos;s comments on immigration &apos;unhelpful&apos;,"[0, 0, 0, 0, 0, 1, 0, 0]","[0, 0, 0, 0, 0, 1, 0, 0]",0,0,0,0,0,1,0,0
1386,6414,896d5b66-ec55-4a61-9925-fc56935fde15,2018-01-12 13:18:59,http://www.breitbart.com/london/2018/01/12/new-united-nations-boss-plan-promote-global-mass-migration/,New United Nations Boss Unveils Plan to Promote Global Mass Migration,2,99,99,99,1,0,0,0,0,0,0,0,0,"[0, 0, 0, 0, 0, 0, 0, 0]",New United Nations Boss Unveils Plan to Promote Global Mass Migration,,New United Nations Boss Unveils Plan to Promote Global Mass Migration,"[0, 0, 0, 0, 0, 0, 1, 0]","[0, 0, 0, 0, 0, 0, 1, 0]",0,0,0,0,0,0,1,0
508,2487,bac2cb0e-3fcc-4ccd-a5ad-b3577c297787,2018-01-12 18:59:00,https://www.nytimes.com/2018/01/12/us/politics/homeland-security-border-wall-waivers.html?partner=rss&emc=rss,Trump Administration Wants More Control Over U.S. Lands for Border Wall,1,2,6,7,1,0,0,0,0,0,1,1,0,"[0, 0, 0, 0, 0, 1, 1, 0]",Trump Administration Wants More Control Over U.S. Lands for Border Wall,,Trump Administration Wants More Control Over U.S. Lands for Border Wall,"[0, 0, 0, 0, 0, 1, 0, 0]","[0, 0, 0, 0, 0, 1, 0, 0]",0,0,0,0,0,1,0,0
1969,359,ebc3e049-17cc-45d8-a637-317604edd3e7,2018-02-03 09:04:11,https://www.huffingtonpost.com/entry/bill-maher-donald-trump-mexico-border-wall_us_5a7564a0e4b0905433b44c88?section=us_tv,Bill Maher To Trump Fans: Just Admit He Duped You About Mexico Border Wall,1,2,6,7,1,0,0,0,0,0,1,1,0,"[0, 0, 0, 0, 0, 1, 1, 0]",Bill Maher To Trump Fans: Just Admit He Duped You About Mexico Border Wall,,Bill Maher To Trump Fans: Just Admit He Duped You About Mexico Border Wall,"[0, 0, 0, 0, 0, 1, 0, 0]","[0, 0, 0, 0, 0, 1, 0, 0]",0,0,0,0,0,1,0,0
71,299,c406cf3d-d80b-427e-8586-6bd99dfa5076,2018-01-04 00:29:55,http://www.breitbart.com/big-government/2018/01/03/report-bannon-breitbart-america-first-agenda-battles-economy-first-globalists-in-trump-2020-strategy-on-trade-the-wall/,"Report: Bannon-Breitbart ‘America First’ Agenda Battles ‘Economy First’ Globalists in Trump 2020 Strategy on Trade, Border Wall",1,2,5,1,1,1,0,0,0,1,0,0,0,"[1, 0, 0, 0, 1, 0, 0, 0]","Report: Bannon-Breitbart ‘America First’ Agenda Battles ‘Economy First’ Globalists in Trump 2020 Strategy on Trade, Border Wall",,"Report: Bannon-Breitbart ‘America First’ Agenda Battles ‘Economy First’ Globalists in Trump 2020 Strategy on Trade, Border Wall","[1, 0, 0, 0, 0, 1, 0, 0]","[1, 0, 0, 0, 0, 1, 0, 0]",1,0,0,0,0,1,0,0
1023,4884,69e53034-6b4e-4f02-8146-3384f8f1f4a1,2018-01-08 19:42:19,http://abcnews.go.com/politics/north-korean-border-villages-ice-fish-live-amid/story?id=52161677,"Along the North Korean border, villages ice fish and live under amid ongoing nuclear tension - ABC News",2,99,99,99,1,0,0,0,0,0,0,0,0,"[0, 0, 0, 0, 0, 0, 0, 0]","Along the North Korean border, villages ice fish and live under amid ongoing nuclear tension - ABC News",,"Along the North Korean border, villages ice fish and live under amid ongoing nuclear tension - ABC News","[0, 0, 0, 0, 0, 0, 0, 0]","[0, 0, 0, 0, 0, 0, 0, 0]",0,0,0,0,0,0,0,0
1746,8095,c2d4b3f4-533b-432d-998a-8b2cd9a37426,2018-01-10 20:25:33,http://thehill.com/homenews/news/368341-feds-raid-7-eleven-stores-in-immigration-bust,Feds raid 7-Eleven stores in immigration bust | TheHill,1,1,1,99,1,1,0,0,0,0,0,0,0,"[1, 0, 0, 0, 0, 0, 0, 0]",Feds raid 7-Eleven stores in immigration bust | TheHill,,Feds raid 7-Eleven stores in immigration bust | TheHill,"[0, 1, 0, 0, 0, 0, 0, 0]","[0, 1, 0, 0, 0, 0, 0, 0]",0,1,0,0,0,0,0,0
248,1181,8ceb3d64-a783-4311-af48-df64f589583e,2018-01-11 14:09:51,https://www.yahoo.com/news/m/a5383def-132f-3bc7-8395-5c9c54bab7d9/ss_tucker-carlson%3A-trump-better.html,"Tucker Carlson: Trump better not blow ""the World Series of politics"" by letting DACA continue in an immigration bill",1,2,6,7,1,0,0,0,0,0,1,1,0,"[0, 0, 0, 0, 0, 1, 1, 0]","Tucker Carlson: Trump better not blow ""the World Series of politics"" by letting DACA continue in an immigration bill",,"Tucker Carlson: Trump better not blow ""the World Series of politics"" by letting DACA continue in an immigration bill","[0, 0, 0, 0, 0, 1, 0, 0]","[0, 0, 0, 0, 0, 1, 0, 0]",0,0,0,0,0,1,0,0
1111,5275,b733bcc5-cbf9-4ca9-aba2-82ba7a23499f,2018-01-12 20:37:45,https://www.yahoo.com/news/m/b0d78743-0f13-3cbf-bb84-22ac683c0c64/ss_trump%E2%80%99s-racist-diatribe.html,Trump’s racist diatribe against “shithole countries” exposes bipartisan conspiracy against immigrants,1,2,6,7,1,0,0,0,0,0,1,1,0,"[0, 0, 0, 0, 0, 1, 1, 0]",Trump’s racist diatribe against “shithole countries” exposes bipartisan conspiracy against immigrants,,Trump’s racist diatribe against “shithole countries” exposes bipartisan conspiracy against immigrants,"[0, 1, 0, 1, 0, 0, 0, 0]","[0, 1, 0, 1, 0, 0, 0, 0]",0,1,0,1,0,0,0,0
213,1030,81cdae37-08a9-45bf-9f1a-2a4439cb72ea,2018-01-12 04:31:49,http://www.breitbart.com/news/gop-lawmaker-proposes-bill-to-end-tps-grant-residency-to-400k-tps-immigrants/,"GOP lawmaker proposes bill to end TPS, grant residency to 400K TPS immigrants",1,2,6,7,1,0,0,0,0,0,1,1,0,"[0, 0, 0, 0, 0, 1, 1, 0]","GOP lawmaker proposes bill to end TPS, grant residency to 400K TPS immigrants",,"GOP lawmaker proposes bill to end TPS, grant residency to 400K TPS immigrants","[0, 0, 0, 0, 0, 1, 1, 0]","[0, 0, 0, 0, 0, 1, 1, 0]",0,0,0,0,0,1,1,0
950,4556,a71b7baf-dee2-49ec-ac41-ec2e44a966d8,2018-01-09 23:38:57,https://www.cbsnews.com/news/daca-immigration-legislation-donald-trump-bipartisan-meeting/,Trump invites cameras to witness bipartisan talks on immigration reform,1,2,6,99,1,0,0,0,0,0,1,0,0,"[0, 0, 0, 0, 0, 1, 0, 0]",Trump invites cameras to witness bipartisan talks on immigration reform,,Trump invites cameras to witness bipartisan talks on immigration reform,"[0, 0, 0, 0, 0, 1, 0, 0]","[0, 0, 0, 0, 0, 1, 0, 0]",0,0,0,0,0,1,0,0
1868,8585,f5e07cec-d42b-4dd0-95e0-122b57985eed,2018-01-11 15:41:20,https://www.newsmax.com/world/europe/eu-europe-migrants-the-latest/2018/01/11/id/836541/,The Latest: Austria Official: Migrant Remark Not Provocative,2,99,99,99,1,0,0,0,0,0,0,0,0,"[0, 0, 0, 0, 0, 0, 0, 0]",The Latest: Austria Official: Migrant Remark Not Provocative,,The Latest: Austria Official: Migrant Remark Not Provocative,"[0, 0, 0, 0, 0, 0, 0, 1]","[0, 0, 0, 0, 0, 0, 0, 1]",0,0,0,0,0,0,0,1
969,4629,131c7793-9ea0-4089-9c85-9f7d76184f6d,2018-01-08 23:36:18,http://www.breitbart.com/big-government/2018/01/08/exclusive-marsha-blackburn-border-wall-not-just-important-but-imperative-for-daca-deal/,…Exclusive Blackburn: Border Wall ‘Imperative’ for DACA Deal,1,2,7,99,1,0,0,0,0,0,0,1,0,"[0, 0, 0, 0, 0, 0, 1, 0]",…Exclusive Blackburn: Border Wall ‘Imperative’ for DACA Deal,,…Exclusive Blackburn: Border Wall ‘Imperative’ for DACA Deal,"[0, 0, 0, 0, 0, 1, 0, 0]","[0, 0, 0, 0, 0, 1, 0, 0]",0,0,0,0,0,1,0,0
1699,7874,dab9096d-6539-4f76-b0ac-0df17f3360f3,2018-01-13 14:49:50,http://www.latimes.com/local/lanow/la-me-montecito-mudslide-victims-20180113-story.html,"Among mudslide victims were children and retirees, longtime residents and immigrants",1,1,4,99,1,0,0,0,1,0,0,0,0,"[0, 0, 0, 1, 0, 0, 0, 0]","Among mudslide victims were children and retirees, longtime residents and immigrants",,"Among mudslide victims were children and retirees, longtime residents and immigrants","[0, 0, 1, 0, 0, 0, 0, 0]","[0, 0, 1, 0, 0, 0, 0, 0]",0,0,1,0,0,0,0,0
1728,7973,fdb04806-f0ff-4c8f-9ea7-65911a543fd6,2018-01-06 07:27:06,http://www.breitbart.com/economics/2018/01/05/democrats-angry-trump-restates-pro-american-immigration-principles/?utm_source=feedburner&utm_medium=feed&utm_campaign=feed%3a+breitbart+%28breitbart+news%29,Democrats Angry As Trump Restates Pro-American Immigration Principles,1,2,6,99,1,0,0,0,0,0,1,0,0,"[0, 0, 0, 0, 0, 1, 0, 0]",Democrats Angry As Trump Restates Pro-American Immigration Principles,,Democrats Angry As Trump Restates Pro-American Immigration Principles,"[0, 0, 0, 0, 0, 1, 0, 0]","[0, 0, 0, 0, 0, 1, 0, 0]",0,0,0,0,0,1,0,0
362,1756,dcbdf3eb-f064-473e-a0cc-6a0278f8c0d8,2018-01-07 18:45:48,https://www.nytimes.com/aponline/2018/01/07/us/ap-us-immigrant-restaurant-owner.html,Court Date for Immigrant Restaurant Manager Not Until 2021,1,1,4,99,1,0,0,0,1,0,0,0,0,"[0, 0, 0, 1, 0, 0, 0, 0]",Court Date for Immigrant Restaurant Manager Not Until 2021,,Court Date for Immigrant Restaurant Manager Not Until 2021,"[0, 0, 0, 0, 0, 0, 0, 1]","[0, 0, 0, 0, 0, 0, 0, 1]",0,0,0,0,0,0,0,1
1152,5460,0a7e8306-993d-44a5-bc2f-cc9c074f4d45,2018-01-14 20:45:58,http://www.huffingtonpost.com/entry/pope-francis-immigrants_us_5a5ba151e4b03c418966aefc?ncid=inblnkushpmg00000009,Pope Francis Says ‘Doubts And Fears’ Should Not Determine Response To Immigrants,2,99,99,99,1,0,0,0,0,0,0,0,0,"[0, 0, 0, 0, 0, 0, 0, 0]",Pope Francis Says ‘Doubts And Fears’ Should Not Determine Response To Immigrants,,Pope Francis Says ‘Doubts And Fears’ Should Not Determine Response To Immigrants,"[0, 0, 0, 1, 0, 0, 0, 0]","[0, 0, 0, 1, 0, 0, 0, 0]",0,0,0,1,0,0,0,0
679,3349,8ffb5659-97c6-4263-990c-20c1a1bb7c3a,2018-01-11 02:43:10,https://www.dailykos.com/stories/2018/1/10/1731580/-DACA-recipient-faces-deportation-for-taking-a-wrong-turn-at-the-border#view-story,DACA recipient in ICE custody after taking a wrong turn at the border,1,1,2,99,1,0,1,0,0,0,0,0,0,"[0, 1, 0, 0, 0, 0, 0, 0]",DACA recipient in ICE custody after taking a wrong turn at the border,,DACA recipient in ICE custody after taking a wrong turn at the border,"[0, 0, 0, 1, 0, 0, 0, 0]","[0, 0, 0, 1, 0, 0, 0, 0]",0,0,0,1,0,0,0,0
1387,6419,29dee8d5-f8fb-4598-8606-585e2c34af56,2018-01-12 20:12:06,https://www.washingtonpost.com/entertainment/books/trump-is-wrong-about-immigrants-and-s---holes/2018/01/12/66bffc78-f7a6-11e7-a9e3-ab18ce41436a_story.html,Trump is wrong about immigrants. And s---holes.,1,2,6,4,1,0,0,0,1,0,1,0,0,"[0, 0, 0, 1, 0, 1, 0, 0]",Trump is wrong about immigrants. And s---holes.,,Trump is wrong about immigrants. And s---holes.,"[0, 0, 0, 1, 0, 1, 0, 0]","[0, 0, 0, 1, 0, 1, 0, 0]",0,0,0,1,0,1,0,0
1091,5172,ff82eef6-2831-439c-8a0f-e8f2f39f47d4,2018-01-10 22:01:26,https://www.wsj.com/articles/immigration-officials-swarm-7-elevens-issue-warning-to-u-s-businesses-1515619043,"Immigration Officials Swarm 7-Elevens, Issue Warning to U.S. Businesses",1,2,1,2,1,1,1,0,0,0,0,0,0,"[1, 1, 0, 0, 0, 0, 0, 0]","Immigration Officials Swarm 7-Elevens, Issue Warning to U.S. Businesses",,"Immigration Officials Swarm 7-Elevens, Issue Warning to U.S. Businesses","[0, 1, 0, 0, 0, 0, 0, 0]","[0, 1, 0, 0, 0, 0, 0, 0]",0,1,0,0,0,0,0,0
1990,457,b231b4a8-31da-4672-818f-1b421d9957a3,2018-01-31 12:29:37,https://www.yahoo.com/news/donald-trump-booed-first-state-031631797.html,Donald Trump booed in his first State of the Union after hitting out at 'chain migration',1,2,6,8,1,0,0,0,0,0,1,0,1,"[0, 0, 0, 0, 0, 1, 0, 1]",Donald Trump booed in his first State of the Union after hitting out at 'chain migration',,Donald Trump booed in his first State of the Union after hitting out at 'chain migration',"[0, 0, 0, 0, 0, 1, 0, 0]","[0, 0, 0, 0, 0, 1, 0, 0]",0,0,0,0,0,1,0,0
1850,8502,aa45cfc6-0bbe-49a9-888f-ad6430f28370,2018-01-10 04:09:48,http://www.motherjones.com/kevin-drum/2018/01/trump-ill-sign-any-immigration-bill-congress-sends-me/,Trump: I’ll Sign Any Immigration Bill Congress Sends Me,1,2,6,7,1,0,0,0,0,0,1,1,0,"[0, 0, 0, 0, 0, 1, 1, 0]",Trump: I’ll Sign Any Immigration Bill Congress Sends Me,,Trump: I’ll Sign Any Immigration Bill Congress Sends Me,"[0, 0, 0, 0, 0, 1, 0, 0]","[0, 0, 0, 0, 0, 1, 0, 0]",0,0,0,0,0,1,0,0
837,4062,af793f1e-758e-40c4-86de-9b1716d35c74,2018-01-11 07:05:32,http://www.cnn.com/2018/01/11/politics/donald-trump-immigration-gop/index.html,"Trump, Republicans face immigration reckoning",1,2,6,99,1,0,0,0,0,0,1,0,0,"[0, 0, 0, 0, 0, 1, 0, 0]","Trump, Republicans face immigration reckoning",,"Trump, Republicans face immigration reckoning","[0, 0, 0, 0, 0, 1, 0, 0]","[0, 0, 0, 0, 0, 1, 0, 0]",0,0,0,0,0,1,0,0
1855,8524,40df7f98-c92a-4e96-8e7f-c3834d50f7d0,2018-01-10 03:22:05,http://thehill.com/homenews/administration/368224-trump-border-wall-must-be-part-of-daca-deal,Trump: Border wall must be part of DACA deal | TheHill,1,2,6,7,1,0,0,0,0,0,1,1,0,"[0, 0, 0, 0, 0, 1, 1, 0]",Trump: Border wall must be part of DACA deal | TheHill,,Trump: Border wall must be part of DACA deal | TheHill,"[0, 0, 0, 0, 0, 1, 0, 0]","[0, 0, 0, 0, 0, 1, 0, 0]",0,0,0,0,0,1,0,0
112,563,bcaa2de7-c5c6-450b-a9b8-6cb24ab2d1a9,2018-01-07 14:20:16,http://www.breitbart.com/london/2018/01/07/danish-populists-suggest-mandatory-curfew-young-migrants/?utm_source=feedburner&utm_medium=feed&utm_campaign=feed%3a+breitbart+%28breitbart+news%29,Danes Consider Mandatory Curfew for Youths in Migrant Populated Ghettos,2,99,99,99,1,0,0,0,0,0,0,0,0,"[0, 0, 0, 0, 0, 0, 0, 0]",Danes Consider Mandatory Curfew for Youths in Migrant Populated Ghettos,,Danes Consider Mandatory Curfew for Youths in Migrant Populated Ghettos,"[0, 1, 0, 0, 0, 0, 0, 0]","[0, 1, 0, 0, 0, 0, 0, 0]",0,1,0,0,0,0,0,0
937,4489,99970241-f37d-4720-907a-a4d5f9dd091d,2018-01-11 19:09:54,https://www.newsmax.com/newsfront/trump-immigration-pelosi/2018/01/11/id/836609/,Pelosi Scorns 'Five White Guys'on Immigration,1,2,6,99,1,0,0,0,0,0,1,0,0,"[0, 0, 0, 0, 0, 1, 0, 0]",Pelosi Scorns 'Five White Guys'on Immigration,,Pelosi Scorns 'Five White Guys'on Immigration,"[0, 0, 0, 0, 0, 1, 0, 0]","[0, 0, 0, 0, 0, 1, 0, 0]",0,0,0,0,0,1,0,0
839,4070,610a22c5-078d-4714-85f7-8c3d2928707c,2018-01-09 22:00:49,http://www.breitbart.com/jerusalem/2018/01/09/successfully-stop-illegal-immigration-follow-israels-model/?utm_source=feedburner&utm_medium=feed&utm_campaign=feed%3a+breitbart+%28breitbart+news%29,How to Successfully Stop Illegal Immigration: Follow Israel’s Model,1,2,7,99,1,0,0,0,0,0,0,1,0,"[0, 0, 0, 0, 0, 0, 1, 0]",How to Successfully Stop Illegal Immigration: Follow Israel’s Model,,How to Successfully Stop Illegal Immigration: Follow Israel’s Model,"[0, 0, 0, 0, 0, 1, 0, 0]","[0, 0, 0, 0, 0, 1, 0, 0]",0,0,0,0,0,1,0,0
384,1838,f310321c-57d3-4e35-aac5-9f38d55d3a17,2018-01-04 17:56:55,http://www.breitbart.com/london/2018/01/04/migrants-protest-living-conditions-in-italian-mountain-welcome-center/?utm_source=feedburner&utm_medium=feed&utm_campaign=feed%3a+breitbart+%28breitbart+news%29,Migrants Protest Living Conditions in Italian Mountain Welcome Center,2,99,99,99,1,0,0,0,0,0,0,0,0,"[0, 0, 0, 0, 0, 0, 0, 0]",Migrants Protest Living Conditions in Italian Mountain Welcome Center,,Migrants Protest Living Conditions in Italian Mountain Welcome Center,"[0, 0, 0, 1, 0, 0, 0, 0]","[0, 0, 0, 1, 0, 0, 0, 0]",0,0,0,1,0,0,0,0
1584,7303,3d7ea54c-d9de-4394-9b6f-f1fb9049a854,2018-01-02 14:37:25,http://dailycaller.com/2018/01/02/border-patrol-president-because-of-trump-2018-is-shaping-up-to-be-a-great-year/,Border Patrol President: Because Of Trump ‘2018 Is Shaping Up To Be A Great Year’,1,2,6,99,1,0,0,0,0,0,1,0,0,"[0, 0, 0, 0, 0, 1, 0, 0]",Border Patrol President: Because Of Trump ‘2018 Is Shaping Up To Be A Great Year’,,Border Patrol President: Because Of Trump ‘2018 Is Shaping Up To Be A Great Year’,"[0, 0, 0, 0, 0, 1, 0, 0]","[0, 0, 0, 0, 0, 1, 0, 0]",0,0,0,0,0,1,0,0
1056,5035,f60569f7-a093-4087-aa78-d1622955d70f,2018-01-04 08:20:45,https://www.yahoo.com/news/m/702d0a49-e146-3a01-9ad4-43ea88c05ddf/ss_fake-road-signs-at-california.html,Fake Road Signs At California Border Mock The New Sanctuary State Status,1,2,4,99,1,0,0,0,1,0,0,0,0,"[0, 0, 0, 1, 0, 0, 0, 0]",Fake Road Signs At California Border Mock The New Sanctuary State Status,,Fake Road Signs At California Border Mock The New Sanctuary State Status,"[0, 0, 0, 0, 0, 1, 0, 0]","[0, 0, 0, 0, 0, 1, 0, 0]",0,0,0,0,0,1,0,0
756,3710,2f2e22e4-20db-40e7-a877-ca574d1ba7b5,2018-01-05 17:40:14,http://www.foxnews.com/us/2018/01/05/illegal-immigrant-who-killed-kate-steinle-likely-will-be-sentenced-to-time-served.html?utm_source=feedburner&utm_medium=feed&utm_campaign=feed%3a+foxnews%2fnational+%28internal+-+us+latest+-+text%29,Illegal immigrant who killed Kate Steinle likely will be sentenced to time served,1,1,2,99,1,0,1,0,0,0,0,0,0,"[0, 1, 0, 0, 0, 0, 0, 0]",Illegal immigrant who killed Kate Steinle likely will be sentenced to time served,,Illegal immigrant who killed Kate Steinle likely will be sentenced to time served,"[0, 1, 0, 0, 0, 0, 0, 0]","[0, 1, 0, 0, 0, 0, 0, 0]",0,1,0,0,0,0,0,0
325,1590,d9959963-5a4a-467d-9b86-6d6afb70a2b5,2018-01-05 19:29:34,https://www.pbs.org/newshour/politics/sessions-order-review-of-judges-handling-of-immigration-cases,Sessions orders review of judges’ handling of immigration cases | PBS NewsHour,1,2,6,99,1,0,0,0,0,0,1,0,0,"[0, 0, 0, 0, 0, 1, 0, 0]",Sessions orders review of judges’ handling of immigration cases | PBS NewsHour,,Sessions orders review of judges’ handling of immigration cases | PBS NewsHour,"[0, 0, 0, 0, 0, 1, 0, 0]","[0, 0, 0, 0, 0, 1, 0, 0]",0,0,0,0,0,1,0,0
1475,6826,8fced8f0-ceda-4097-b125-b63f8c936a6b,2018-01-11 16:32:58,https://www.dailykos.com/stories/2018/1/11/1731813/-Did-the-NYT-watch-a-completely-different-White-House-immigration-meeting-than-the-rest-of-us,Did the NYT watch a completely different White House immigration meeting than the rest of us?,1,2,99,99,1,0,0,0,0,0,0,0,0,"[0, 0, 0, 0, 0, 0, 0, 0]",Did the NYT watch a completely different White House immigration meeting than the rest of us?,,Did the NYT watch a completely different White House immigration meeting than the rest of us?,"[0, 0, 0, 0, 0, 1, 0, 0]","[0, 0, 0, 0, 0, 1, 0, 0]",0,0,0,0,0,1,0,0
788,3825,bafa9339-714a-4e4e-b54a-5c036e4766e9,2018-01-12 17:56:07,http://www.foxnews.com/politics/2018/01/11/deal-or-no-deal-several-senators-claim-tentative-agreement-on-immigration.html,DEAL OR NO DEAL? SEVERAL SENATORS CLAIM TENTATIVE AGREEMENT ON IMMIGRATION,1,2,7,99,1,0,0,0,0,0,0,1,0,"[0, 0, 0, 0, 0, 0, 1, 0]",DEAL OR NO DEAL? SEVERAL SENATORS CLAIM TENTATIVE AGREEMENT ON IMMIGRATION,,DEAL OR NO DEAL? SEVERAL SENATORS CLAIM TENTATIVE AGREEMENT ON IMMIGRATION,"[0, 0, 0, 0, 0, 1, 0, 0]","[0, 0, 0, 0, 0, 1, 0, 0]",0,0,0,0,0,1,0,0
369,1779,f106e9c3-2df2-46f5-a2bf-e0c9870cf31e,2018-01-05 05:20:56,https://www.nytimes.com/2018/01/05/world/asia/north-korea-panmunjom-talks-olympics.html?src=twr,North and South Korea Agree to Border Talks Next Week,2,99,99,99,1,0,0,0,0,0,0,0,0,"[0, 0, 0, 0, 0, 0, 0, 0]",North and South Korea Agree to Border Talks Next Week,,North and South Korea Agree to Border Talks Next Week,"[0, 0, 0, 0, 0, 0, 0, 0]","[0, 0, 0, 0, 0, 0, 0, 0]",0,0,0,0,0,0,0,0
1822,8388,ab5599bf-7cb0-414e-9b52-961ccddd4f43,2018-01-12 10:12:09,http://www.breitbart.com/london/2018/01/12/eu-considers-taxing-border-crossings-plastic-bags-brexit-cash-shortage/,EU Considers Taxing Border Crossings and Plastic Bags to Fill Brexit Cash Shortfall,2,99,99,99,1,0,0,0,0,0,0,0,0,"[0, 0, 0, 0, 0, 0, 0, 0]",EU Considers Taxing Border Crossings and Plastic Bags to Fill Brexit Cash Shortfall,,EU Considers Taxing Border Crossings and Plastic Bags to Fill Brexit Cash Shortfall,"[1, 0, 0, 0, 0, 0, 0, 0]","[1, 0, 0, 0, 0, 0, 0, 0]",1,0,0,0,0,0,0,0
70,297,70afd840-211a-403a-8c67-62f7e217efd4,2018-01-11 18:00:45,https://www.nytimes.com/aponline/2018/01/11/world/europe/ap-eu-germany-dog-attack.html,German Official Denies Notion Saxony No-Go Area for Migrants,2,99,99,99,1,0,0,0,0,0,0,0,0,"[0, 0, 0, 0, 0, 0, 0, 0]",German Official Denies Notion Saxony No-Go Area for Migrants,,German Official Denies Notion Saxony No-Go Area for Migrants,"[0, 0, 0, 0, 0, 0, 0, 1]","[0, 0, 0, 0, 0, 0, 0, 1]",0,0,0,0,0,0,0,1
1332,6154,3c9479ee-da1d-4f4a-861a-61881c5290b7,2018-01-09 00:52:33,http://www.cnn.com/2018/01/08/politics/john-kelly-immigration-negotiations/index.html,John Kelly leading White House's immigration effort in congressional negotiations,1,2,6,99,1,0,0,0,0,0,1,0,0,"[0, 0, 0, 0, 0, 1, 0, 0]",John Kelly leading White House's immigration effort in congressional negotiations,,John Kelly leading White House's immigration effort in congressional negotiations,"[0, 0, 0, 0, 0, 1, 0, 0]","[0, 0, 0, 0, 0, 1, 0, 0]",0,0,0,0,0,1,0,0
1817,8363,24027695-8ec5-41f7-9fd7-fa578991c716,2018-01-13 15:41:02,http://www.breitbart.com/news/czechs-vote-for-president-anti-migrant-incumbent-is-favored/,Czechs vote for president; anti-migrant incumbent is favored - Breitbart,2,99,99,99,1,0,0,0,0,0,0,0,0,"[0, 0, 0, 0, 0, 0, 0, 0]",Czechs vote for president; anti-migrant incumbent is favored - Breitbart,,Czechs vote for president; anti-migrant incumbent is favored - Breitbart,"[0, 0, 0, 0, 0, 1, 0, 0]","[0, 0, 0, 0, 0, 1, 0, 0]",0,0,0,0,0,1,0,0
1558,7209,73e9f90f-a194-4fd8-ae7f-bdc8d23b69f0,2018-01-14 08:01:29,http://www.breitbart.com/big-government/2018/01/13/former-mexican-president-chides-trump-on-immigration-with-what-authority-do-you-proclaim-whos-welcome-in-america/,Former Mexican President Chides Trump on Immigration: ‘With What Authority Do You Proclaim Who’s Welcome in America?’ - Breitbart,1,2,6,4,1,0,0,0,1,0,1,0,0,"[0, 0, 0, 1, 0, 1, 0, 0]",Former Mexican President Chides Trump on Immigration: ‘With What Authority Do You Proclaim Who’s Welcome in America?’ - Breitbart,,Former Mexican President Chides Trump on Immigration: ‘With What Authority Do You Proclaim Who’s Welcome in America?’ - Breitbart,"[0, 0, 0, 0, 0, 1, 0, 0]","[0, 0, 0, 0, 0, 1, 0, 0]",0,0,0,0,0,1,0,0
1694,7863,50b95778-f777-4dc0-8b37-b27cfbd6cf06,2018-01-10 12:50:34,http://www.foxnews.com/us/2018/01/10/border-agents-help-injured-mexican-trying-to-cross-into-us-illegally.html,Border agents help injured Mexican trying to cross into US illegally,1,1,4,2,1,0,1,0,1,0,0,0,0,"[0, 1, 0, 1, 0, 0, 0, 0]",Border agents help injured Mexican trying to cross into US illegally,,Border agents help injured Mexican trying to cross into US illegally,"[0, 0, 0, 1, 0, 0, 0, 0]","[0, 0, 0, 1, 0, 0, 0, 0]",0,0,0,1,0,0,0,0
1477,6830,59747e7c-fba0-4d85-9d51-094168531e32,2018-01-14 22:47:56,https://www.dailykos.com/stories/2018/1/14/1732159/-Ann-Coulter-and-Rush-Limbaugh-make-clear-to-Trump-who-s-the-right-wing-boss-on-immigration,"Donald Trump this past Tuesday held a bipartisan meeting in the White House to discuss immigration reform. To clarify, this was before he",1,2,6,7,1,0,0,0,0,0,1,1,0,"[0, 0, 0, 0, 0, 1, 1, 0]","Donald Trump this past Tuesday held a bipartisan meeting in the White House to discuss immigration reform. To clarify, this was before he",,"Donald Trump this past Tuesday held a bipartisan meeting in the White House to discuss immigration reform. To clarify, this was before he","[0, 0, 0, 0, 0, 1, 0, 0]","[0, 0, 0, 0, 0, 1, 0, 0]",0,0,0,0,0,1,0,0
1801,8314,6b92c619-c012-491a-9553-885e81cfc8f5,2018-01-09 14:45:35,https://www.nytimes.com/reuters/2018/01/09/world/europe/09reuters-germany-politics-immigration.html,German Would-Be Coalition Partners Agree Skilled Immigration Law,2,99,99,99,1,0,0,0,0,0,0,0,0,"[0, 0, 0, 0, 0, 0, 0, 0]",German Would-Be Coalition Partners Agree Skilled Immigration Law,,German Would-Be Coalition Partners Agree Skilled Immigration Law,"[0, 0, 0, 0, 0, 1, 1, 0]","[0, 0, 0, 0, 0, 1, 1, 0]",0,0,0,0,0,1,1,0
479,2336,c5211b6a-7c80-4b89-8a94-2409a71a1609,2018-01-08 14:17:04,http://www.newsweek.com/trump-immigration-crackdown-public-health-crisis-children-769486?utm_source=internal&utm_campaign=right&utm_medium=related2,"Trump's Immigration Crackdown Creating a Public Health Crisis Among Children, Analysts Say",1,2,1,4,1,1,0,0,1,0,0,0,0,"[1, 0, 0, 1, 0, 0, 0, 0]","Trump's Immigration Crackdown Creating a Public Health Crisis Among Children, Analysts Say",,"Trump's Immigration Crackdown Creating a Public Health Crisis Among Children, Analysts Say","[0, 0, 0, 1, 0, 0, 0, 1]","[0, 0, 0, 1, 0, 0, 0, 1]",0,0,0,1,0,0,0,1
282,1388,ed491a11-6e50-41d4-9e98-f785fbcba71a,2018-01-07 09:44:38,http://www.latimes.com/nation/sns-bc-eu--italy-migrants-20180106-story.html,"8 migrants dead, 86 rescued from sinking boat off Libya",2,99,99,99,1,0,0,0,0,0,0,0,0,"[0, 0, 0, 0, 0, 0, 0, 0]","8 migrants dead, 86 rescued from sinking boat off Libya",,"8 migrants dead, 86 rescued from sinking boat off Libya","[0, 0, 0, 0, 0, 0, 0, 0]","[0, 0, 0, 0, 0, 0, 0, 0]",0,0,0,0,0,0,0,0
1741,8049,66808277-890e-4242-8cb0-dc8e5fa8ba67,2018-01-10 06:13:00,http://dailycaller.com/2018/01/10/why-immigration-hawks-shouldnt-be-worried-yet-about-trump-surrendering-on-daca/,Why Immigration Hawks Shouldn’t Be Worried (Yet) About Trump Surrendering On DACA,1,2,6,7,1,0,0,0,0,0,1,1,0,"[0, 0, 0, 0, 0, 1, 1, 0]",Why Immigration Hawks Shouldn’t Be Worried (Yet) About Trump Surrendering On DACA,,Why Immigration Hawks Shouldn’t Be Worried (Yet) About Trump Surrendering On DACA,"[0, 0, 0, 0, 0, 1, 0, 0]","[0, 0, 0, 0, 0, 1, 0, 0]",0,0,0,0,0,1,0,0
1349,6234,894cd834-aa8d-4d81-a086-05cf8141e19a,2018-01-10 05:04:27,https://www.pbs.org/newshour/show/what-will-come-from-the-unusual-on-camera-immigration-meeting,"What will come from the unusual, on-camera immigration meeting?",1,2,99,99,1,0,0,0,0,0,0,0,0,"[0, 0, 0, 0, 0, 0, 0, 0]","What will come from the unusual, on-camera immigration meeting?",,"What will come from the unusual, on-camera immigration meeting?","[0, 0, 0, 0, 0, 1, 0, 0]","[0, 0, 0, 0, 0, 1, 0, 0]",0,0,0,0,0,1,0,0
856,4143,45f95161-022d-4f1a-896a-daab45dccc9c,2018-01-04 23:11:36,https://www.yahoo.com/news/m/b0f69564-433d-363e-8e75-b757651c2bef/ss_attorney-general-wastes.html,"Attorney General Wastes Resources, Sues Motel 6 To Protect Illegal Immigrants",1,2,6,2,1,0,1,0,0,0,1,0,0,"[0, 1, 0, 0, 0, 1, 0, 0]","Attorney General Wastes Resources, Sues Motel 6 To Protect Illegal Immigrants",,"Attorney General Wastes Resources, Sues Motel 6 To Protect Illegal Immigrants","[0, 0, 0, 1, 0, 1, 0, 0]","[0, 0, 0, 1, 0, 1, 0, 0]",0,0,0,1,0,1,0,0
211,1024,0da98ce5-8f1f-4cc5-bfdd-f2792ed25e9d,2018-01-11 19:07:08,http://abcnews.go.com/US/wireStory/immigrant-stripped-citizenship-federal-initiative-52287952,Immigrant stripped of citizenship under federal initiative,1,1,4,7,1,0,0,0,1,0,0,1,0,"[0, 0, 0, 1, 0, 0, 1, 0]",Immigrant stripped of citizenship under federal initiative,,Immigrant stripped of citizenship under federal initiative,"[0, 0, 0, 1, 0, 1, 0, 0]","[0, 0, 0, 1, 0, 1, 0, 0]",0,0,0,1,0,1,0,0
298,1480,3a381939-28f3-4bc4-8c3e-df06b9d8360d,2018-01-07 20:40:10,https://www.nytimes.com/2018/01/07/opinion/immigration-health-care.html,The Immigrants Who Deliver Health Care,1,2,99,99,1,0,0,0,0,0,0,0,0,"[0, 0, 0, 0, 0, 0, 0, 0]",The Immigrants Who Deliver Health Care,,The Immigrants Who Deliver Health Care,"[0, 0, 0, 1, 0, 0, 0, 0]","[0, 0, 0, 1, 0, 0, 0, 0]",0,0,0,1,0,0,0,0
1887,8648,ec94e5ec-167f-4a3e-97d2-4c48e8f14e8e,2018-01-12 20:03:11,https://www.yahoo.com/news/dreamer-lives-limbo-washington-battles-over-immigration-195514223.html,'Dreamer'lives in limbo as Washington battles over immigration,1,2,4,99,1,0,0,0,1,0,0,0,0,"[0, 0, 0, 1, 0, 0, 0, 0]",'Dreamer'lives in limbo as Washington battles over immigration,,'Dreamer'lives in limbo as Washington battles over immigration,"[0, 0, 0, 0, 0, 1, 0, 0]","[0, 0, 0, 0, 0, 1, 0, 0]",0,0,0,0,0,1,0,0
1573,7274,76f180cb-3992-4d23-a2a6-ddd5a81ec24a,2018-01-08 22:57:02,http://abcnews.go.com/International/wireStory/south-korean-officials-head-border-talks-north-52221097,South Korean officials head to border for talks with North,2,99,99,99,1,0,0,0,0,0,0,0,0,"[0, 0, 0, 0, 0, 0, 0, 0]",South Korean officials head to border for talks with North,,South Korean officials head to border for talks with North,"[0, 0, 0, 0, 0, 0, 0, 0]","[0, 0, 0, 0, 0, 0, 0, 0]",0,0,0,0,0,0,0,0
652,3216,b02f122c-f35e-4c11-8a49-942c7ab96af2,2018-01-13 22:52:00,http://www.cnn.com/2018/01/13/politics/trump-remark-reaction/index.html,These lawmakers were in the Trump immigration meeting. Here's what they had to say.,1,2,6,99,1,0,0,0,0,0,1,0,0,"[0, 0, 0, 0, 0, 1, 0, 0]",These lawmakers were in the Trump immigration meeting. Here's what they had to say.,,These lawmakers were in the Trump immigration meeting. Here's what they had to say.,"[0, 0, 0, 0, 0, 1, 0, 0]","[0, 0, 0, 0, 0, 1, 0, 0]",0,0,0,0,0,1,0,0
1235,5753,fd5acf2d-884f-40e1-b5e7-7c1bd5a931ef,2018-01-05 21:39:10,http://abcnews.go.com/Politics/wireStory/latest-immigrant-acquitted-killing-faces-us-case-52169579,The Latest: Immigrant acquitted of killing faces US case,1,1,2,99,1,0,1,0,0,0,0,0,0,"[0, 1, 0, 0, 0, 0, 0, 0]",The Latest: Immigrant acquitted of killing faces US case,,The Latest: Immigrant acquitted of killing faces US case,"[0, 1, 0, 0, 0, 0, 0, 0]","[0, 1, 0, 0, 0, 0, 0, 0]",0,1,0,0,0,0,0,0
994,4729,e498387f-6dea-405b-86d6-893f6ad2d1bb,2018-01-09 21:58:45,http://www.breitbart.com/big-government/2018/01/09/trump-calls-daca-amnesty-bill-love-wall-funding-need-wall/?utm_source=feedburner&utm_medium=feed&utm_campaign=feed%3a+breitbart+%28breitbart+news%29,Donald Trump Calls for DACA Amnesty ‘Bill of Love’ and Wall Funding: ‘You Need the Wall’,1,2,7,99,1,0,0,0,0,0,0,1,0,"[0, 0, 0, 0, 0, 0, 1, 0]",Donald Trump Calls for DACA Amnesty ‘Bill of Love’ and Wall Funding: ‘You Need the Wall’,,Donald Trump Calls for DACA Amnesty ‘Bill of Love’ and Wall Funding: ‘You Need the Wall’,"[0, 0, 0, 0, 0, 1, 0, 0]","[0, 0, 0, 0, 0, 1, 0, 0]",0,0,0,0,0,1,0,0
1934,198,b9708a9e-d226-44df-b7fe-fd17f26e8f1c,2018-02-04 16:11:27,http://www.breitbart.com/news/qa-on-immigration-bridging-partisan-gap-will-be-hard/,"Q&A: On immigration, bridging partisan gap will be hard - Breitbart",1,2,6,99,1,0,0,0,0,0,1,0,0,"[0, 0, 0, 0, 0, 1, 0, 0]","Q&A: On immigration, bridging partisan gap will be hard - Breitbart",,"Q&A: On immigration, bridging partisan gap will be hard - Breitbart","[0, 0, 0, 0, 0, 1, 0, 0]","[0, 0, 0, 0, 0, 1, 0, 0]",0,0,0,0,0,1,0,0
1226,5717,f38511c3-5ce9-4a4a-9f26-74f71c93a091,2018-01-05 19:18:28,http://abcnews.go.com/Technology/wireStory/border-inspections-electronic-devices-hits-record-number-52166565,Border inspections of electronic devices hits record number,1,2,2,99,1,0,1,0,0,0,0,0,0,"[0, 1, 0, 0, 0, 0, 0, 0]",Border inspections of electronic devices hits record number,,Border inspections of electronic devices hits record number,"[0, 0, 0, 0, 0, 1, 0, 0]","[0, 0, 0, 0, 0, 1, 0, 0]",0,0,0,0,0,1,0,0
995,4737,e9fd34c5-1f31-4982-a0ed-0324c0eefedf,2018-01-10 08:27:24,http://www.cnn.com/2018/01/09/politics/temporary-protected-status-countries/index.html?utm_source=feedburner&utm_medium=feed&utm_campaign=feed%3a+rss%2fcnn_latest+%28rss%3a+cnn+-+most+recent%29,"Trump administration ended protected status for 250,000 Salvadorans. These immigrants might be next",1,2,6,4,1,0,0,0,1,0,1,0,0,"[0, 0, 0, 1, 0, 1, 0, 0]","Trump administration ended protected status for 250,000 Salvadorans. These immigrants might be next",,"Trump administration ended protected status for 250,000 Salvadorans. These immigrants might be next","[0, 0, 0, 1, 0, 1, 0, 0]","[0, 0, 0, 1, 0, 1, 0, 0]",0,0,0,1,0,1,0,0
430,2115,ff82c0c5-acfd-4903-bc9f-d515866011b5,2018-01-12 14:56:47,http://www.cnn.com/2018/01/12/us/emmanuel-mensah-bronx-fire-trump/index.html?utm_source=feedburner&utm_medium=feed&utm_campaign=feed%3a+rss%2fcnn_latest+%28rss%3a+cnn+-+most+recent%29,"Soldier, immigrant from Ghana, dies rescuing neighbors in Bronx fire",1,1,4,99,1,0,0,0,1,0,0,0,0,"[0, 0, 0, 1, 0, 0, 0, 0]","Soldier, immigrant from Ghana, dies rescuing neighbors in Bronx fire",,"Soldier, immigrant from Ghana, dies rescuing neighbors in Bronx fire","[0, 0, 0, 0, 0, 0, 0, 0]","[0, 0, 0, 0, 0, 0, 0, 0]",0,0,0,0,0,0,0,0
979,4670,aebf6fb3-0336-4e51-bff7-afd320eaad08,2018-01-10 15:07:08,http://thehill.com/blogs/blog-briefing-room/368239-tucker-carlson-rips-trump-for-immigration-meeting,Tucker Carlson rips Trump for immigration meeting | TheHill,1,2,6,99,1,0,0,0,0,0,1,0,0,"[0, 0, 0, 0, 0, 1, 0, 0]",Tucker Carlson rips Trump for immigration meeting | TheHill,,Tucker Carlson rips Trump for immigration meeting | TheHill,"[0, 0, 0, 0, 0, 1, 0, 0]","[0, 0, 0, 0, 0, 1, 0, 0]",0,0,0,0,0,1,0,0
240,1157,10ad07f2-6c05-465e-84e2-9c7e64365a8f,2018-01-14 03:12:15,https://www.nytimes.com/aponline/2018/01/13/sports/basketball/ap-bkn-nets-wizards.html,Wall Pushes Wizards Over the Line in 119-113 OT Win vs Nets,2,99,99,99,1,0,0,0,0,0,0,0,0,"[0, 0, 0, 0, 0, 0, 0, 0]",Wall Pushes Wizards Over the Line in 119-113 OT Win vs Nets,,Wall Pushes Wizards Over the Line in 119-113 OT Win vs Nets,"[0, 0, 0, 0, 0, 0, 0, 0]","[0, 0, 0, 0, 0, 0, 0, 0]",0,0,0,0,0,0,0,0
1008,4782,c372723e-8320-4750-9dbd-b69a93277da6,2018-01-13 14:44:43,https://www.yahoo.com/news/m/1c258cad-f67e-3e3e-9081-a67cfe38746e/ss_trump-criticized-immigration.html,Trump criticized immigration from ‘s—hole’ countries: report,1,2,6,4,1,0,0,0,1,0,1,0,0,"[0, 0, 0, 1, 0, 1, 0, 0]",Trump criticized immigration from ‘s—hole’ countries: report,,Trump criticized immigration from ‘s—hole’ countries: report,"[0, 1, 0, 0, 0, 1, 0, 0]","[0, 1, 0, 0, 0, 1, 0, 0]",0,1,0,0,0,1,0,0
621,3049,d22e23e2-33a3-411d-85c8-24d62dcf8f08,2018-01-04 08:59:23,http://abcnews.go.com/Politics/wireStory/divided-democrats-face-liberal-backlash-immigration-52132263,Divided Democrats face liberal backlash on immigration,1,2,6,99,1,0,0,0,0,0,1,0,0,"[0, 0, 0, 0, 0, 1, 0, 0]",Divided Democrats face liberal backlash on immigration,,Divided Democrats face liberal backlash on immigration,"[0, 0, 0, 0, 0, 1, 0, 1]","[0, 0, 0, 0, 0, 1, 0, 1]",0,0,0,0,0,1,0,1
257,1222,bbcc7e18-77d8-4c58-8245-e150541538ff,2018-01-06 02:17:24,https://www.nytimes.com/2018/01/05/nyregion/mail-problems-daca-denial-of-work-permits-for-1900-immigrants.html,"At Least 1,900 Immigrants Were Rejected Because of Mail Problems - The New York Times",1,2,4,99,1,0,0,0,1,0,0,0,0,"[0, 0, 0, 1, 0, 0, 0, 0]","At Least 1,900 Immigrants Were Rejected Because of Mail Problems - The New York Times",,"At Least 1,900 Immigrants Were Rejected Because of Mail Problems - The New York Times","[0, 0, 0, 1, 0, 0, 1, 0]","[0, 0, 0, 1, 0, 0, 1, 0]",0,0,0,1,0,0,1,0
612,2998,2e56c759-6c63-4a33-be7b-f8e593d486ba,2018-01-14 10:59:00,https://www.yahoo.com/news/m/abd8c4a1-07e0-3333-8d22-811ae65e5941/ss_republicans-in-immigrant-rich.html,Republicans in immigrant-rich Florida scramble in wake of Trump’s “shithole” remark,1,2,6,4,1,0,0,0,1,0,1,0,0,"[0, 0, 0, 1, 0, 1, 0, 0]",Republicans in immigrant-rich Florida scramble in wake of Trump’s “shithole” remark,,Republicans in immigrant-rich Florida scramble in wake of Trump’s “shithole” remark,"[0, 0, 0, 0, 0, 1, 0, 0]","[0, 0, 0, 0, 0, 1, 0, 0]",0,0,0,0,0,1,0,0
545,2666,60c45290-9acd-4210-8116-32519d850157,2018-01-09 19:06:13,http://www.motherjones.com/kevin-drum/2018/01/trump-ill-sign-any-immigration-bill-congress-sends-me/,Trump: I’ll Sign Any Immigration Bill Congress Sends Me,1,2,6,7,1,0,0,0,0,0,1,1,0,"[0, 0, 0, 0, 0, 1, 1, 0]",Trump: I’ll Sign Any Immigration Bill Congress Sends Me,,Trump: I’ll Sign Any Immigration Bill Congress Sends Me,"[0, 0, 0, 0, 0, 1, 0, 0]","[0, 0, 0, 0, 0, 1, 0, 0]",0,0,0,0,0,1,0,0
772,3767,e945cd8f-860f-46a8-a073-361c3799831a,2018-01-04 15:13:53,http://thehill.com/opinion/immigration/367371-if-california-has-the-power-to-defy-immigration-laws-could-it-secede-as,"If California has power to defy immigration laws, could secede as well?",1,2,7,99,1,0,0,0,0,0,0,1,0,"[0, 0, 0, 0, 0, 0, 1, 0]","If California has power to defy immigration laws, could secede as well?",,"If California has power to defy immigration laws, could secede as well?","[0, 0, 0, 0, 0, 1, 0, 0]","[0, 0, 0, 0, 0, 1, 0, 0]",0,0,0,0,0,1,0,0
1860,8547,e255ede5-ee7f-4924-b304-e2f2c1c3a949,2018-01-06 01:53:44,http://abcnews.go.com/technology/wirestory/border-inspections-electronic-devices-hits-record-number-52166565,Border inspections of electronic devices hits record high,1,2,2,99,1,0,1,0,0,0,0,0,0,"[0, 1, 0, 0, 0, 0, 0, 0]",Border inspections of electronic devices hits record high,,Border inspections of electronic devices hits record high,"[0, 0, 0, 0, 0, 0, 0, 0]","[0, 0, 0, 0, 0, 0, 0, 0]",0,0,0,0,0,0,0,0
1357,6277,44301024-99d5-43ae-af3e-2b15fd039761,2018-01-04 19:24:03,http://www.nbcnews.com/politics/white-house/trump-border-wall-must-be-part-any-daca-deal-n834671,"Trump: Give me the wall, I'll give you 'Dreamers' - NBC News",1,2,6,7,1,0,0,0,0,0,1,1,0,"[0, 0, 0, 0, 0, 1, 1, 0]","Trump: Give me the wall, I'll give you 'Dreamers' - NBC News",,"Trump: Give me the wall, I'll give you 'Dreamers' - NBC News","[0, 0, 0, 0, 0, 1, 0, 0]","[0, 0, 0, 0, 0, 1, 0, 0]",0,0,0,0,0,1,0,0
1792,8292,538af4c4-f6db-47d2-b26f-f30a053d32b2,2018-01-14 22:54:34,http://www.newsweek.com/trump-immigrants-shithole-countries-daca-778928?utm_source=internal&utm_campaign=right&utm_medium=related3,"Trump Rants About Immigrants From ‘Shithole’ African Countries, Wants More People From ‘Countries Like Norway’: Report",1,2,6,4,1,0,0,0,1,0,1,0,0,"[0, 0, 0, 1, 0, 1, 0, 0]","Trump Rants About Immigrants From ‘Shithole’ African Countries, Wants More People From ‘Countries Like Norway’: Report",,"Trump Rants About Immigrants From ‘Shithole’ African Countries, Wants More People From ‘Countries Like Norway’: Report","[0, 0, 0, 0, 0, 1, 0, 0]","[0, 0, 0, 0, 0, 1, 0, 0]",0,0,0,0,0,1,0,0
760,3728,94fb8d03-475f-4537-8eae-4a46ff1510fe,2018-01-03 13:35:30,http://www.latimes.com/nation/sns-bc-us--trump-administration-immigration-20180103-story.html,Homeland chief: Wait and see on citizenship for immigrants,1,2,6,99,1,0,0,0,0,0,1,0,0,"[0, 0, 0, 0, 0, 1, 0, 0]",Homeland chief: Wait and see on citizenship for immigrants,,Homeland chief: Wait and see on citizenship for immigrants,"[0, 0, 0, 0, 0, 1, 0, 0]","[0, 0, 0, 0, 0, 1, 0, 0]",0,0,0,0,0,1,0,0
383,1837,640a2269-9464-4fec-bd6d-dd1a289ab6e3,2018-01-12 00:04:49,https://www.newsmax.com/us/haiti-el-salvador-africa-daca/2018/01/11/id/836683/,CNN's Philip Mudd Blasts Trump on Immigrant Comments,1,2,6,99,1,0,0,0,0,0,1,0,0,"[0, 0, 0, 0, 0, 1, 0, 0]",CNN's Philip Mudd Blasts Trump on Immigrant Comments,,CNN's Philip Mudd Blasts Trump on Immigrant Comments,"[0, 0, 0, 0, 0, 1, 0, 0]","[0, 0, 0, 0, 0, 1, 0, 0]",0,0,0,0,0,1,0,0
1030,4920,c27db587-f3bf-4d00-b6ec-23f9dcf0c6ab,2018-01-13 10:39:36,https://www.newsmax.com/world/europe/eu-czech-presidential-election/2018/01/13/id/836963/,Czechs Vote for President; Anti-migrant Incumbent Is Favored,2,99,99,99,1,0,0,0,0,0,0,0,0,"[0, 0, 0, 0, 0, 0, 0, 0]",Czechs Vote for President; Anti-migrant Incumbent Is Favored,,Czechs Vote for President; Anti-migrant Incumbent Is Favored,"[0, 0, 0, 0, 0, 1, 0, 0]","[0, 0, 0, 0, 0, 1, 0, 0]",0,0,0,0,0,1,0,0
1279,5921,a67379de-85d2-4300-8d5b-c4e30b0b3b70,2018-01-10 04:50:02,http://www.breitbart.com/big-government/2018/01/09/nyt-freaks-out-employers-prepare-to-compete-for-american-workers-as-temporary-immigrant-work-force-is-sent-home/,NYT Freaks Out: Employers Prepare for ‘Temporary’ Immigrant Work Force to be Sent Home,1,2,1,99,1,1,0,0,0,0,0,0,0,"[1, 0, 0, 0, 0, 0, 0, 0]",NYT Freaks Out: Employers Prepare for ‘Temporary’ Immigrant Work Force to be Sent Home,,NYT Freaks Out: Employers Prepare for ‘Temporary’ Immigrant Work Force to be Sent Home,"[1, 0, 0, 0, 0, 0, 0, 0]","[1, 0, 0, 0, 0, 0, 0, 0]",1,0,0,0,0,0,0,0
353,1723,8e4a30d9-4ce0-475f-a464-550eb0c9871b,2018-01-10 18:09:34,https://www.huffingtonpost.com/entry/trump-administration-ordered-daca-in-place_us_5a55931fe4b0b117f880754d,halting the administration’s plan to roll back protections for certain undocumented immigrants,1,2,7,99,1,0,0,0,0,0,0,1,0,"[0, 0, 0, 0, 0, 0, 1, 0]",halting the administration’s plan to roll back protections for certain undocumented immigrants,,halting the administration’s plan to roll back protections for certain undocumented immigrants,"[0, 0, 0, 1, 0, 1, 0, 0]","[0, 0, 0, 1, 0, 1, 0, 0]",0,0,0,1,0,1,0,0
1544,7144,416f9a4b-c67b-4356-bd39-fc4a3ddbc96d,2018-01-02 13:58:21,http://www.foxnews.com/politics/2018/01/02/prank-california-highway-signs-welcome-felons-illegal-immigrants-and-ms-13.html,"Prank California highway signs 'welcome' felons, illegal immigrants and MS-13",1,2,2,99,1,0,1,0,0,0,0,0,0,"[0, 1, 0, 0, 0, 0, 0, 0]","Prank California highway signs 'welcome' felons, illegal immigrants and MS-13",,"Prank California highway signs 'welcome' felons, illegal immigrants and MS-13","[0, 1, 0, 0, 0, 0, 0, 0]","[0, 1, 0, 0, 0, 0, 0, 0]",0,1,0,0,0,0,0,0
1243,5779,ade41008-d076-4f07-8398-af01dd2c5052,2018-01-06 12:32:16,http://abcnews.go.com/politics/wirestory/immigrant-acquitted-killing-sentenced-gun-charge-52167659,Immigrant cleared of San Francisco killing faces US charges,1,1,2,99,1,0,1,0,0,0,0,0,0,"[0, 1, 0, 0, 0, 0, 0, 0]",Immigrant cleared of San Francisco killing faces US charges,,Immigrant cleared of San Francisco killing faces US charges,"[0, 1, 0, 0, 0, 0, 0, 0]","[0, 1, 0, 0, 0, 0, 0, 0]",0,1,0,0,0,0,0,0
1038,4960,a242cceb-c852-4b6c-970e-3f3b0a73eaf8,2018-01-11 23:08:36,https://www.wsj.com/articles/lawmakers-look-to-sell-immigration-deal-to-a-skeptical-white-house-1515700909,Lawmakers Look to Sell Immigration Deal to a Skeptical White House - WSJ,1,2,7,99,1,0,0,0,0,0,0,1,0,"[0, 0, 0, 0, 0, 0, 1, 0]",Lawmakers Look to Sell Immigration Deal to a Skeptical White House - WSJ,,Lawmakers Look to Sell Immigration Deal to a Skeptical White House - WSJ,"[0, 0, 0, 0, 0, 1, 1, 0]","[0, 0, 0, 0, 0, 1, 1, 0]",0,0,0,0,0,1,1,0
1182,5567,a7803b28-642f-4624-aab8-ce81d14a0a4d,2018-01-10 09:07:51,https://www.yahoo.com/news/trump-suggests-comprehensive-immigration-reform-193134710.html,Trump Suggests Comprehensive Immigration Reform If He Gets His Border Wall,1,2,6,99,1,0,0,0,0,0,1,0,0,"[0, 0, 0, 0, 0, 1, 0, 0]",Trump Suggests Comprehensive Immigration Reform If He Gets His Border Wall,,Trump Suggests Comprehensive Immigration Reform If He Gets His Border Wall,"[0, 0, 0, 0, 0, 1, 0, 0]","[0, 0, 0, 0, 0, 1, 0, 0]",0,0,0,0,0,1,0,0
495,2418,4ef5a1c4-e007-49aa-be23-dd8e281b4e77,2018-01-04 12:56:21,https://www.newsmax.com/newsfront/california-fake-highway-signs/2018/01/04/id/835063/,Fake Highway Signs Jab at New California Immigration Law,1,2,7,99,1,0,0,0,0,0,0,1,0,"[0, 0, 0, 0, 0, 0, 1, 0]",Fake Highway Signs Jab at New California Immigration Law,,Fake Highway Signs Jab at New California Immigration Law,"[0, 0, 0, 0, 0, 1, 0, 0]","[0, 0, 0, 0, 0, 1, 0, 0]",0,0,0,0,0,1,0,0
394,1882,1e425223-9d2c-4944-8d4e-f505dde3f2ef,2018-01-05 07:08:53,https://www.wsj.com/articles/trumps-immigration-priorities-complicate-dreamer-talks-1515108916?tesla=y,Trump’s Immigration Priorities Complicate ‘Dreamer’ Talks,1,2,6,99,1,0,0,0,0,0,1,0,0,"[0, 0, 0, 0, 0, 1, 0, 0]",Trump’s Immigration Priorities Complicate ‘Dreamer’ Talks,,Trump’s Immigration Priorities Complicate ‘Dreamer’ Talks,"[0, 0, 0, 0, 0, 1, 0, 0]","[0, 0, 0, 0, 0, 1, 0, 0]",0,0,0,0,0,1,0,0
1129,5354,49fa4fdf-dfb1-4968-a2ba-960ab5b2c1bb,2018-01-02 10:13:37,http://dailycaller.com/2018/01/01/viva-e-mexico-amazon-alibaba-and-walmart-are-investing-heavily-south-of-the-border/,"VIVA e-MEXICO: Amazon, Alibaba And Walmart Are Investing Heavily South Of The Border",2,99,99,99,1,0,0,0,0,0,0,0,0,"[0, 0, 0, 0, 0, 0, 0, 0]","VIVA e-MEXICO: Amazon, Alibaba And Walmart Are Investing Heavily South Of The Border",,"VIVA e-MEXICO: Amazon, Alibaba And Walmart Are Investing Heavily South Of The Border","[1, 0, 0, 0, 0, 0, 0, 0]","[1, 0, 0, 0, 0, 0, 0, 0]",1,0,0,0,0,0,0,0
465,2282,bf564116-2dc3-425b-a088-e1df99e594c5,2018-01-03 15:44:58,http://abcnews.go.com/international/wirestory/hungary-poland-anti-migration-stance-spreading-eu-52113514,"Hungary, Poland see anti-immigration stance spreading in EU",2,99,99,99,1,0,0,0,0,0,0,0,0,"[0, 0, 0, 0, 0, 0, 0, 0]","Hungary, Poland see anti-immigration stance spreading in EU",,"Hungary, Poland see anti-immigration stance spreading in EU","[0, 0, 0, 0, 0, 1, 0, 0]","[0, 0, 0, 0, 0, 1, 0, 0]",0,0,0,0,0,1,0,0
888,4276,8d330c50-bd04-42b3-a65e-a6ba2fe9b2b3,2018-01-10 03:51:52,http://abcnews.go.com/politics/video/sarah-sanders-takes-questions-border-wall-briefing-room-52243344,Sarah Sanders takes questions on border wall in 'The Briefing Room' Video - ABC News,1,2,6,7,1,0,0,0,0,0,1,1,0,"[0, 0, 0, 0, 0, 1, 1, 0]",Sarah Sanders takes questions on border wall in 'The Briefing Room' Video - ABC News,,Sarah Sanders takes questions on border wall in 'The Briefing Room' Video - ABC News,"[0, 0, 0, 0, 0, 1, 0, 0]","[0, 0, 0, 0, 0, 1, 0, 0]",0,0,0,0,0,1,0,0
1802,8315,43c9cb14-c1a2-4b13-b1d4-514d1f993b95,2018-01-08 20:39:03,https://www.yahoo.com/news/64-migrants-drown-weekend-sinking-off-libya-ngos-152741330.html,Up to 64 migrants drown in weekend sinking off Libya -NGOs,2,99,99,99,1,0,0,0,0,0,0,0,0,"[0, 0, 0, 0, 0, 0, 0, 0]",Up to 64 migrants drown in weekend sinking off Libya -NGOs,,Up to 64 migrants drown in weekend sinking off Libya -NGOs,"[0, 0, 0, 1, 0, 0, 0, 0]","[0, 0, 0, 1, 0, 0, 0, 0]",0,0,0,1,0,0,0,0
367,1767,f63a2a87-ca80-4065-8487-a704eda8ddd6,2018-01-09 23:00:14,http://www.cnn.com/2018/01/09/politics/temporary-protected-status-countries/index.html,"Protected status for 250,000 Salvadorans is ending. These immigrants might be next - CNNPolitics",1,2,7,99,1,0,0,0,0,0,0,1,0,"[0, 0, 0, 0, 0, 0, 1, 0]","Protected status for 250,000 Salvadorans is ending. These immigrants might be next - CNNPolitics",,"Protected status for 250,000 Salvadorans is ending. These immigrants might be next - CNNPolitics","[0, 0, 0, 0, 0, 1, 0, 0]","[0, 0, 0, 0, 0, 1, 0, 0]",0,0,0,0,0,1,0,0
1435,6652,cfcc87d9-f593-4746-8e59-2fe91a5f2de7,2018-01-13 00:11:59,http://www.breitbart.com/texas/2018/01/11/texas-ag-confirms-investigation-alleged-sanctuary-city-law-violation/?utm_source=feedburner&utm_medium=feed&utm_campaign=feed%3a+breitbart+%28breitbart+news%29,Texas AG Confirms Investigation Into Alleged Violation of Sanctuary City Law,1,1,2,99,1,0,1,0,0,0,0,0,0,"[0, 1, 0, 0, 0, 0, 0, 0]",Texas AG Confirms Investigation Into Alleged Violation of Sanctuary City Law,,Texas AG Confirms Investigation Into Alleged Violation of Sanctuary City Law,"[0, 0, 0, 0, 0, 1, 1, 0]","[0, 0, 0, 0, 0, 1, 1, 0]",0,0,0,0,0,1,1,0
1495,6893,ba62015a-813d-4cd3-8db5-efd3e05b5b15,2018-01-05 15:59:00,https://www.newsmax.com/jameswalsh/daca-diversity-ina-lottery/2018/01/05/id/835369/,Will Congress Ever Find Courage for Immigration Reform?,1,2,7,99,1,0,0,0,0,0,0,1,0,"[0, 0, 0, 0, 0, 0, 1, 0]",Will Congress Ever Find Courage for Immigration Reform?,,Will Congress Ever Find Courage for Immigration Reform?,"[0, 0, 0, 0, 0, 1, 0, 0]","[0, 0, 0, 0, 0, 1, 0, 0]",0,0,0,0,0,1,0,0
745,3668,7d193412-09c8-4dd9-afe1-dde0d561848d,2018-01-12 17:44:09,http://www.cnn.com/2018/01/12/politics/paul-ryan-trump-shithole-reaction/index.html,"Paul Ryan says Trump's slur against African immigrants is'unfortunate, unhelpful'",1,2,6,4,1,0,0,0,1,0,1,0,0,"[0, 0, 0, 1, 0, 1, 0, 0]","Paul Ryan says Trump's slur against African immigrants is'unfortunate, unhelpful'",,"Paul Ryan says Trump's slur against African immigrants is'unfortunate, unhelpful'","[0, 0, 0, 0, 0, 1, 0, 0]","[0, 0, 0, 0, 0, 1, 0, 0]",0,0,0,0,0,1,0,0
530,2609,db6c9486-946c-47fb-962d-270bfc6dbfef,2018-01-09 21:25:13,http://dailycaller.com/2018/01/09/lawmakers-agree-to-narrow-focus-on-immigration-deal-negotiations/,Lawmakers Agree To Narrow Focus On Immigration Deal Negotiations,1,2,7,99,1,0,0,0,0,0,0,1,0,"[0, 0, 0, 0, 0, 0, 1, 0]",Lawmakers Agree To Narrow Focus On Immigration Deal Negotiations,,Lawmakers Agree To Narrow Focus On Immigration Deal Negotiations,"[0, 0, 0, 0, 0, 1, 1, 0]","[0, 0, 0, 0, 0, 1, 1, 0]",0,0,0,0,0,1,1,0
803,3885,cd04fe30-b85d-4ace-a755-8615eba0236c,2018-01-12 19:32:38,http://www.foxnews.com/politics/2018/01/12/war-words-escalates-over-trumps-immigration-comments.html?utm_source=feedburner&utm_medium=feed&utm_campaign=feed%3a+foxnews%2fpolitics+%28internal+-+politics+-+text%29,War of words escalates over Trump's immigration comments,1,2,6,4,1,0,0,0,1,0,1,0,0,"[0, 0, 0, 1, 0, 1, 0, 0]",War of words escalates over Trump's immigration comments,,War of words escalates over Trump's immigration comments,"[0, 0, 0, 0, 0, 1, 0, 0]","[0, 0, 0, 0, 0, 1, 0, 0]",0,0,0,0,0,1,0,0
1227,5727,54e87832-32ff-4fd5-b7ad-c4a8e5b8df45,2018-01-09 18:34:45,https://www.yahoo.com/news/trump-suggests-2-phase-immigration-deal-dreamers-175631963--politics.html,Trump suggests 2-phase immigration deal for 'Dreamers',1,2,6,7,1,0,0,0,0,0,1,1,0,"[0, 0, 0, 0, 0, 1, 1, 0]",Trump suggests 2-phase immigration deal for 'Dreamers',,Trump suggests 2-phase immigration deal for 'Dreamers',"[0, 0, 0, 0, 0, 1, 0, 0]","[0, 0, 0, 0, 0, 1, 0, 0]",0,0,0,0,0,1,0,0
1028,4909,39e8ad9c-9855-46a2-bb48-20c8bc3c415f,2018-01-12 14:57:53,http://www.nbcnews.com/news/us-news/trump-s-vulgar-remark-haiti-africa-leaves-immigrants-baffled-n837031,"Trump's vulgar remark on Haiti, Africa leaves immigrants baffled - NBC News",1,2,6,4,1,0,0,0,1,0,1,0,0,"[0, 0, 0, 1, 0, 1, 0, 0]","Trump's vulgar remark on Haiti, Africa leaves immigrants baffled - NBC News",,"Trump's vulgar remark on Haiti, Africa leaves immigrants baffled - NBC News","[0, 0, 0, 0, 0, 0, 0, 1]","[0, 0, 0, 0, 0, 0, 0, 1]",0,0,0,0,0,0,0,1
1848,8500,69c4e1aa-339c-4634-b97d-f0de05414f39,2018-01-05 20:17:25,http://www.breitbart.com/news/immigrant-cleared-of-san-francisco-killing-faces-us-charges/,Immigrant cleared of San Francisco killing faces US charges,1,1,2,99,1,0,1,0,0,0,0,0,0,"[0, 1, 0, 0, 0, 0, 0, 0]",Immigrant cleared of San Francisco killing faces US charges,,Immigrant cleared of San Francisco killing faces US charges,"[0, 1, 0, 0, 0, 0, 0, 0]","[0, 1, 0, 0, 0, 0, 0, 0]",0,1,0,0,0,0,0,0
1978,421,bb3b6bce-e10d-475c-96af-70f5c8af69c4,2018-02-05 04:14:33,http://www.breitbart.com/news/asian-markets-tank-after-wall-st-sell-off-rising-yields-fan-fear/,"Asian markets tank after Wall St sell-off, rising yields fan fear - Breitbart",2,99,99,99,1,0,0,0,0,0,0,0,0,"[0, 0, 0, 0, 0, 0, 0, 0]","Asian markets tank after Wall St sell-off, rising yields fan fear - Breitbart",,"Asian markets tank after Wall St sell-off, rising yields fan fear - Breitbart","[1, 0, 0, 0, 0, 0, 0, 0]","[1, 0, 0, 0, 0, 0, 0, 0]",1,0,0,0,0,0,0,0
1547,7160,dbe42144-5aa2-4d86-ae92-bf207bda11fc,2018-01-11 08:02:02,https://www.huffingtonpost.com/entry/immigration-7-eleven_us_5a56a322e4b08a1f624b3839?section=us_black-voices,Immigration Agents Raid Nearly 100 7-Eleven Stores Nationwide In Show Of Force,1,2,1,99,1,1,0,0,0,0,0,0,0,"[1, 0, 0, 0, 0, 0, 0, 0]",Immigration Agents Raid Nearly 100 7-Eleven Stores Nationwide In Show Of Force,,Immigration Agents Raid Nearly 100 7-Eleven Stores Nationwide In Show Of Force,"[0, 1, 0, 0, 0, 0, 0, 0]","[0, 1, 0, 0, 0, 0, 0, 0]",0,1,0,0,0,0,0,0
1316,6084,052a18e2-26c0-445b-a1e2-cf3e2013f7b7,2018-01-08 12:55:09,http://www.latimes.com/opinion/op-ed/la-oe-stenglein-hudak-cbp-border-buildup-20180108-story.html,"Even with 5,000 new agents, it won't be easy to Make the Border Great Again",1,2,7,99,1,0,0,0,0,0,0,1,0,"[0, 0, 0, 0, 0, 0, 1, 0]","Even with 5,000 new agents, it won't be easy to Make the Border Great Again",,"Even with 5,000 new agents, it won't be easy to Make the Border Great Again","[0, 0, 0, 0, 0, 1, 0, 0]","[0, 0, 0, 0, 0, 1, 0, 0]",0,0,0,0,0,1,0,0
307,1530,ac590d96-80c3-42d8-9ddb-f6026e15aec5,2018-01-06 20:44:02,https://www.usatoday.com/story/news/politics/2018/01/06/trump-talks-kim-jong-un/1010195001/,"Trump says he &apos;absolutely&apos; would talk to Kim Jong Un, won&apos;t compromise on border wall",1,2,6,7,1,0,0,0,0,0,1,1,0,"[0, 0, 0, 0, 0, 1, 1, 0]","Trump says he &apos;absolutely&apos; would talk to Kim Jong Un, won&apos;t compromise on border wall",,"Trump says he &apos;absolutely&apos; would talk to Kim Jong Un, won&apos;t compromise on border wall","[0, 0, 0, 0, 0, 1, 0, 0]","[0, 0, 0, 0, 0, 1, 0, 0]",0,0,0,0,0,1,0,0
1669,7745,fe7e0116-7057-4df4-9f58-7ec13605811c,2018-01-10 18:59:11,http://www.breitbart.com/big-government/2018/01/09/dhs-secretary-nielsen-in-wh-meeting-we-need-the-wall-system/?utm_source=feedburner&utm_medium=feed&utm_campaign=feed%3a+breitbart+%28breitbart+news%29,DHS Secretary Kirstjen Nielsen in WH Meeting: ‘We Need the Wall… System’,1,2,6,7,1,0,0,0,0,0,1,1,0,"[0, 0, 0, 0, 0, 1, 1, 0]",DHS Secretary Kirstjen Nielsen in WH Meeting: ‘We Need the Wall… System’,,DHS Secretary Kirstjen Nielsen in WH Meeting: ‘We Need the Wall… System’,"[0, 0, 0, 0, 0, 1, 0, 0]","[0, 0, 0, 0, 0, 1, 0, 0]",0,0,0,0,0,1,0,0
1984,440,7db70edc-b90e-4442-a71b-727a2d3e8b49,2018-02-01 14:50:05,http://abcnews.go.com/US/wireStory/cuban-man-held-immigration-authorities-dies-custody-52765937,Cuban man held by immigration authorities dies in custody,1,1,4,99,1,0,0,0,1,0,0,0,0,"[0, 0, 0, 1, 0, 0, 0, 0]",Cuban man held by immigration authorities dies in custody,,Cuban man held by immigration authorities dies in custody,"[0, 0, 0, 1, 0, 0, 0, 0]","[0, 0, 0, 1, 0, 0, 0, 0]",0,0,0,1,0,0,0,0
1569,7265,6a2b33dc-79e4-4ccc-9790-44c55b4dc978,2018-01-09 09:16:06,https://www.yahoo.com/news/m/ba39a332-94e9-3e07-84a6-726fbf787b3e/ss_thousands-in-n.j.-face.html,Thousands in N.J. face deportation should temporary protection end for Salvadorans,1,2,4,7,1,0,0,0,1,0,0,1,0,"[0, 0, 0, 1, 0, 0, 1, 0]",Thousands in N.J. face deportation should temporary protection end for Salvadorans,,Thousands in N.J. face deportation should temporary protection end for Salvadorans,"[1, 0, 0, 0, 0, 0, 0, 0]","[1, 0, 0, 0, 0, 0, 0, 0]",1,0,0,0,0,0,0,0
531,2610,0fc1d4a0-7abf-46a4-90fa-6425a3d1a18a,2018-01-04 22:01:11,https://www.usatoday.com/story/news/politics/2018/01/04/how-author-michael-wolff-got-his-fly-wall-access-trump-white-house/1003673001/,How author Michael Wolff got his 'fly-on-the-wall'access to the Trump White House,1,2,6,99,1,0,0,0,0,0,1,0,0,"[0, 0, 0, 0, 0, 1, 0, 0]",How author Michael Wolff got his 'fly-on-the-wall'access to the Trump White House,,How author Michael Wolff got his 'fly-on-the-wall'access to the Trump White House,"[0, 0, 0, 0, 0, 1, 0, 0]","[0, 0, 0, 0, 0, 1, 0, 0]",0,0,0,0,0,1,0,0
655,3241,bf5dcdfd-bdf7-4cee-a1dd-a53f5ce96a0b,2018-01-10 09:07:51,https://www.yahoo.com/news/m/eea9bf3a-251f-3a0d-b7f2-74a070527b58/ss_trump-wants-merit-based.html,Trump wants merit-based immigration for people with 'great track record',1,2,6,99,1,0,0,0,0,0,1,0,0,"[0, 0, 0, 0, 0, 1, 0, 0]",Trump wants merit-based immigration for people with 'great track record',,Trump wants merit-based immigration for people with 'great track record',"[0, 0, 0, 0, 0, 1, 0, 0]","[0, 0, 0, 0, 0, 1, 0, 0]",0,0,0,0,0,1,0,0
1465,6775,4c155c35-61bd-455a-894e-a97ec2baf631,2018-01-04 02:20:15,http://www.breitbart.com/big-government/2018/01/03/poll-massive-support-trump-immigration-policies/?utm_source=feedburner&utm_medium=feed&utm_campaign=feed%3a+breitbart+%28breitbart+news%29,Poll: Voters Show Massive Support for Trump Immigration Policies,1,2,8,6,1,0,0,0,0,0,1,0,1,"[0, 0, 0, 0, 0, 1, 0, 1]",Poll: Voters Show Massive Support for Trump Immigration Policies,,Poll: Voters Show Massive Support for Trump Immigration Policies,"[0, 0, 0, 0, 0, 1, 0, 1]","[0, 0, 0, 0, 0, 1, 0, 1]",0,0,0,0,0,1,0,1
234,1118,edee9ec3-d1e9-47d3-951d-c9ddf3feff57,2018-01-10 00:25:33,http://www.foxnews.com/politics/2018/01/09/trump-led-meeting-on-immigration-secured-framework-for-talks-white-house-says.html,"Trump-led meeting on immigration secured framework for talks, White House says",1,2,6,99,1,0,0,0,0,0,1,0,0,"[0, 0, 0, 0, 0, 1, 0, 0]","Trump-led meeting on immigration secured framework for talks, White House says",,"Trump-led meeting on immigration secured framework for talks, White House says","[0, 0, 0, 0, 0, 1, 0, 0]","[0, 0, 0, 0, 0, 1, 0, 0]",0,0,0,0,0,1,0,0
121,582,9f0c46f6-bba6-4b56-b0a3-22331c5b7bf8,2018-01-11 12:22:46,http://www.nbcnews.com/news/us-news/immigration-agents-raid-7-eleven-stores-nationwide-arrest-21-people-n836531,"Immigration agents raid 7-Eleven stores nationwide, arrest 21 people in biggest crackdown of Trump era - NBC News",1,1,1,99,1,1,0,0,0,0,0,0,0,"[1, 0, 0, 0, 0, 0, 0, 0]","Immigration agents raid 7-Eleven stores nationwide, arrest 21 people in biggest crackdown of Trump era - NBC News",,"Immigration agents raid 7-Eleven stores nationwide, arrest 21 people in biggest crackdown of Trump era - NBC News","[0, 1, 0, 0, 0, 1, 0, 0]","[0, 1, 0, 0, 0, 1, 0, 0]",0,1,0,0,0,1,0,0
1352,6257,ef615e42-abb5-48d2-a46d-282f33d06942,2018-01-03 06:44:46,http://www.breitbart.com/texas/2018/01/02/charge-sanctuary-city-politicians-crime-says-acting-ice-director/,"Charge Sanctuary City Politicians With a Crime, Says Acting ICE Director",1,2,2,99,1,0,1,0,0,0,0,0,0,"[0, 1, 0, 0, 0, 0, 0, 0]","Charge Sanctuary City Politicians With a Crime, Says Acting ICE Director",,"Charge Sanctuary City Politicians With a Crime, Says Acting ICE Director","[0, 1, 0, 0, 0, 1, 0, 0]","[0, 1, 0, 0, 0, 1, 0, 0]",0,1,0,0,0,1,0,0
951,4560,4d42ddd0-3425-48e8-a71a-8d81188067a0,2018-01-05 21:02:21,http://abcnews.go.com/politics/wirestory/sessions-takes-aim-judges-handling-immigration-cases-52158205,Sessions takes aim at judges' handling of immigration cases,1,2,6,99,1,0,0,0,0,0,1,0,0,"[0, 0, 0, 0, 0, 1, 0, 0]",Sessions takes aim at judges' handling of immigration cases,,Sessions takes aim at judges' handling of immigration cases,"[0, 0, 0, 0, 0, 1, 1, 0]","[0, 0, 0, 0, 0, 1, 1, 0]",0,0,0,0,0,1,1,0
618,3028,4f121229-eb0d-4aff-ad8c-8bb66af6033e,2018-01-11 16:59:30,http://www.huffingtonpost.com/entry/us-warns-tourists-mexico-travel_us_5a573d82e4b0a300f9060f59?ncid=inblnkushpmg00000009,"U.S. Warns Tourists Against Mexico Travel, Feds Threaten To Send Immigrants Back",1,2,2,99,1,0,1,0,0,0,0,0,0,"[0, 1, 0, 0, 0, 0, 0, 0]","U.S. Warns Tourists Against Mexico Travel, Feds Threaten To Send Immigrants Back",,"U.S. Warns Tourists Against Mexico Travel, Feds Threaten To Send Immigrants Back","[0, 1, 0, 0, 0, 0, 0, 0]","[0, 1, 0, 0, 0, 0, 0, 0]",0,1,0,0,0,0,0,0
1180,5562,8a2b452d-743b-4fdf-86e7-f4d0ddff1d94,2018-01-03 05:37:30,http://www.foxnews.com/politics/2018/01/02/trump-administration-would-consider-immigration-legislation-for-citizenship-homeland-chief-says.html?utm_source=feedburner&utm_medium=feed&utm_campaign=feed%3a+foxnews%2fpolitics+%28internal+-+politics+-+text%29,"Trump administration would consider immigration legislation for citizenship, Homeland chief says",1,2,6,7,1,0,0,0,0,0,1,1,0,"[0, 0, 0, 0, 0, 1, 1, 0]","Trump administration would consider immigration legislation for citizenship, Homeland chief says",,"Trump administration would consider immigration legislation for citizenship, Homeland chief says","[0, 0, 0, 0, 0, 1, 1, 0]","[0, 0, 0, 0, 0, 1, 1, 0]",0,0,0,0,0,1,1,0
308,1531,e111cea2-0458-4958-8ba0-b19f65bbab3c,2018-01-11 05:37:41,http://www.breitbart.com/video/2018/01/10/pence-theres-no-deal-daca-without-wall/?utm_source=feedburner&utm_medium=feed&utm_campaign=feed%3a+breitbart+%28breitbart+news%29,Pence: ‘There’s No Deal on DACA Without a Wall’,1,2,6,7,1,0,0,0,0,0,1,1,0,"[0, 0, 0, 0, 0, 1, 1, 0]",Pence: ‘There’s No Deal on DACA Without a Wall’,,Pence: ‘There’s No Deal on DACA Without a Wall’,"[0, 0, 0, 0, 0, 1, 0, 0]","[0, 0, 0, 0, 0, 1, 0, 0]",0,0,0,0,0,1,0,0
136,675,0fc1ef33-c977-4b02-b354-d07a158cac6a,2018-01-06 08:27:12,https://www.pbs.org/newshour/nation/immigrant-acquitted-of-san-francisco-killing-is-sentenced-for-gun-charge,Immigrant acquitted of San Francisco killing is sentenced for gun charge | PBS NewsHour,1,1,2,99,1,0,1,0,0,0,0,0,0,"[0, 1, 0, 0, 0, 0, 0, 0]",Immigrant acquitted of San Francisco killing is sentenced for gun charge | PBS NewsHour,,Immigrant acquitted of San Francisco killing is sentenced for gun charge | PBS NewsHour,"[0, 1, 0, 0, 0, 0, 0, 0]","[0, 1, 0, 0, 0, 0, 0, 0]",0,1,0,0,0,0,0,0
555,2708,0184f6ac-18d3-4de1-b30d-bc760cc8c912,2018-01-05 10:35:56,http://www.breitbart.com/london/2018/01/05/locally-rooted-people-affected-immigration-drive-brexit/,Study: Locally-Rooted People Affected by Immigration Helped Drive Brexit,2,99,99,99,1,0,0,0,0,0,0,0,0,"[0, 0, 0, 0, 0, 0, 0, 0]",Study: Locally-Rooted People Affected by Immigration Helped Drive Brexit,,Study: Locally-Rooted People Affected by Immigration Helped Drive Brexit,"[0, 0, 0, 0, 0, 0, 0, 1]","[0, 0, 0, 0, 0, 0, 0, 1]",0,0,0,0,0,0,0,1
1676,7782,c2387d10-a75b-4c9b-b020-f697f7efb2ed,2018-01-07 00:00:00,https://www.yahoo.com/news/m/7a5c41e4-2df1-3b08-ad11-c872656b9d98/ss_at-least-8-migrants-drown.html,At least 8 migrants drown after dinghy sinks off Libya coast,2,99,99,99,1,0,0,0,0,0,0,0,0,"[0, 0, 0, 0, 0, 0, 0, 0]",At least 8 migrants drown after dinghy sinks off Libya coast,,At least 8 migrants drown after dinghy sinks off Libya coast,"[0, 0, 0, 1, 0, 0, 0, 0]","[0, 0, 0, 1, 0, 0, 0, 0]",0,0,0,1,0,0,0,0
584,2882,66a4d708-50fa-4d04-b849-fdf7afa19bec,2018-01-10 23:24:03,http://www.chicagotribune.com/news/opinion/editorials/ct-edit-trump-immigration-deal-20180110-story.html,Editorial: Trump goes looking for an immigration deal,1,2,6,7,1,0,0,0,0,0,1,1,0,"[0, 0, 0, 0, 0, 1, 1, 0]",Editorial: Trump goes looking for an immigration deal,,Editorial: Trump goes looking for an immigration deal,"[0, 0, 0, 0, 0, 1, 0, 0]","[0, 0, 0, 0, 0, 1, 0, 0]",0,0,0,0,0,1,0,0
1643,7610,dda8c2df-588a-4c90-a25a-c929a99173c1,2018-01-11 13:03:10,https://www.huffingtonpost.com/entry/immigration-7-eleven_us_5a56a322e4b08a1f624b3839?ncid=inblnkushpmg00000009,Immigration Agents Raid Nearly 100 7-Eleven Stores Nationwide In Show Of Force,1,2,1,99,1,1,0,0,0,0,0,0,0,"[1, 0, 0, 0, 0, 0, 0, 0]",Immigration Agents Raid Nearly 100 7-Eleven Stores Nationwide In Show Of Force,,Immigration Agents Raid Nearly 100 7-Eleven Stores Nationwide In Show Of Force,"[0, 1, 0, 0, 0, 0, 0, 0]","[0, 1, 0, 0, 0, 0, 0, 0]",0,1,0,0,0,0,0,0
671,3309,af718b3f-cfa0-41b6-80c5-88c0b4092945,2018-01-06 00:02:05,https://www.huffingtonpost.com/entry/jose-ines-garcia-zarate-gun-charge_us_5a500f3be4b089e14dbadd63,Undocumented Immigrant Acquitted In Kate Steinle Shooting Gets 3 Years On Gun Charge,1,1,2,99,1,0,1,0,0,0,0,0,0,"[0, 1, 0, 0, 0, 0, 0, 0]",Undocumented Immigrant Acquitted In Kate Steinle Shooting Gets 3 Years On Gun Charge,,Undocumented Immigrant Acquitted In Kate Steinle Shooting Gets 3 Years On Gun Charge,"[0, 1, 0, 0, 0, 0, 0, 0]","[0, 1, 0, 0, 0, 0, 0, 0]",0,1,0,0,0,0,0,0
