ID,ID_original,GUID,Date (GMT),URL,Post_Title,Q1,Q2,Q3_1_og,Q3_2_og,Train,Q3_1,Q3_2,Q3_3,Q3_4,Q3_5,Q3_6,Q3_7,Q3_8,Q3_clean,text_content,image_data_url,final_input,D2_GPT_4o_finetune,D2_GPT_4o_finetune_raw,D2_GPT_4o_finetune_1,D2_GPT_4o_finetune_2,D2_GPT_4o_finetune_3,D2_GPT_4o_finetune_4,D2_GPT_4o_finetune_5,D2_GPT_4o_finetune_6,D2_GPT_4o_finetune_7,D2_GPT_4o_finetune_8
989,4719,f10212aa-31cc-4748-a0e8-c0a3db3a1a98,2018-01-08 14:17:04,http://www.newsweek.com/clean-dream-act-hunger-strike-dreamers-jail-752372,Jailed Immigrants Launch Hunger Strike until Congress Passes a ‘Clean’ DREAM Act,1,2,8,7,1,0,0,0,0,0,0,1,1,"[0, 0, 0, 0, 0, 0, 1, 1]",Jailed Immigrants Launch Hunger Strike until Congress Passes a ‘Clean’ DREAM Act,,Jailed Immigrants Launch Hunger Strike until Congress Passes a ‘Clean’ DREAM Act,"[0, 0, 0, 1, 0, 1, 0, 0]","[0, 0, 0, 1, 0, 1, 0, 0]",0,0,0,1,0,1,0,0
110,552,acf6c4c2-ce94-4c25-9fe3-aaa8b059786b,2018-01-10 00:40:32,http://thehill.com/podcasts/hillcast/368157-listen-trumps-unusual-immigration-meeting,Listen: Trump's unusual immigration meeting,1,2,6,99,1,0,0,0,0,0,1,0,0,"[0, 0, 0, 0, 0, 1, 0, 0]",Listen: Trump's unusual immigration meeting,,Listen: Trump's unusual immigration meeting,"[0, 0, 0, 0, 0, 1, 0, 0]","[0, 0, 0, 0, 0, 1, 0, 0]",0,0,0,0,0,1,0,0
1166,5514,b8c69f81-c592-4d18-ae3d-f3c86706e509,2018-01-10 14:24:58,https://www.yahoo.com/news/m/f154972f-3b1e-3994-a5ca-af5776deb2ed/ss_not-losing-it%3A-trump-lets.html,Not losing it: Trump lets live TV cover White House immigration summit,1,2,6,99,1,0,0,0,0,0,1,0,0,"[0, 0, 0, 0, 0, 1, 0, 0]",Not losing it: Trump lets live TV cover White House immigration summit,,Not losing it: Trump lets live TV cover White House immigration summit,"[0, 0, 0, 0, 0, 1, 0, 0]","[0, 0, 0, 0, 0, 1, 0, 0]",0,0,0,0,0,1,0,0
1084,5146,54f419c7-91a0-4ec5-8370-4cb6e35da226,2018-01-11 15:55:29,https://www.washingtonpost.com/politics/4th-immigrant-teen-in-custody-says-us-preventing-abortion/2018/01/11/8beb5792-f6e6-11e7-9af7-a50bc3300042_story.html,4th immigrant teen in custody says US preventing abortion,1,1,3,4,1,0,0,1,1,0,0,0,0,"[0, 0, 1, 1, 0, 0, 0, 0]",4th immigrant teen in custody says US preventing abortion,,4th immigrant teen in custody says US preventing abortion,"[0, 0, 0, 1, 0, 0, 0, 0]","[0, 0, 0, 1, 0, 0, 0, 0]",0,0,0,1,0,0,0,0
1467,6801,b4121087-567e-4532-89f3-dcab7b7a9d54,2018-01-09 03:06:09,http://www.breitbart.com/big-government/2018/01/08/jeff-flake-admits-gop-establishment-working-against-trumps-popular-immigration-agenda-in-daca-meetings/,Jeff Flake Admits GOP Establishment Working Against Trump’s Popular Immigration Agenda in DACA Meetings,1,2,6,7,1,0,0,0,0,0,1,1,0,"[0, 0, 0, 0, 0, 1, 1, 0]",Jeff Flake Admits GOP Establishment Working Against Trump’s Popular Immigration Agenda in DACA Meetings,,Jeff Flake Admits GOP Establishment Working Against Trump’s Popular Immigration Agenda in DACA Meetings,"[0, 0, 0, 0, 0, 1, 0, 0]","[0, 0, 0, 0, 0, 1, 0, 0]",0,0,0,0,0,1,0,0
1233,5746,e50ff89f-77e3-419f-bf5b-f08a3025a196,2018-01-09 18:00:20,http://www.breitbart.com/video/2018/01/09/rubio-cant-shut-govt-daca-dems-oppose-wall-symbolic-political-reasons/,"Rubio: 'You Can't' Shut Down the Gov't Over DACA - Dems Oppose Wall for Symbolic, Political Reasons - Breitbart",1,2,6,7,1,0,0,0,0,0,1,1,0,"[0, 0, 0, 0, 0, 1, 1, 0]","Rubio: 'You Can't' Shut Down the Gov't Over DACA - Dems Oppose Wall for Symbolic, Political Reasons - Breitbart",,"Rubio: 'You Can't' Shut Down the Gov't Over DACA - Dems Oppose Wall for Symbolic, Political Reasons - Breitbart","[0, 0, 0, 0, 0, 1, 1, 0]","[0, 0, 0, 0, 0, 1, 1, 0]",0,0,0,0,0,1,1,0
1770,8189,c72642aa-ff11-4613-9444-5d174078f007,2018-01-11 18:42:19,http://www.breitbart.com/news/german-official-denies-notion-saxony-no-go-area-for-migrants/,German official denies notion Saxony no-go area for migrants,2,99,99,99,1,0,0,0,0,0,0,0,0,"[0, 0, 0, 0, 0, 0, 0, 0]",German official denies notion Saxony no-go area for migrants,,German official denies notion Saxony no-go area for migrants,"[0, 1, 0, 0, 0, 0, 0, 0]","[0, 1, 0, 0, 0, 0, 0, 0]",0,1,0,0,0,0,0,0
212,1025,11f9716f-50b8-4cd2-bec0-26f71786c73b,2018-01-10 20:36:16,https://www.nytimes.com/2018/01/10/opinion/citizenship-census.html,Letter Citizenship and the Census The Latino Community Foundation says questioning citizenship in an age of increased immigration enforcement will likely result in an undercount.,1,2,7,99,1,0,0,0,0,0,0,1,0,"[0, 0, 0, 0, 0, 0, 1, 0]",Letter Citizenship and the Census The Latino Community Foundation says questioning citizenship in an age of increased immigration enforcement will likely result in an undercount.,,Letter Citizenship and the Census The Latino Community Foundation says questioning citizenship in an age of increased immigration enforcement will likely result in an undercount.,"[0, 0, 0, 0, 0, 0, 1, 0]","[0, 0, 0, 0, 0, 0, 1, 0]",0,0,0,0,0,0,1,0
974,4643,22a1d210-7cc0-498e-b45f-2e057f398271,2018-01-11 01:35:49,http://www.theblaze.com/news/2018/01/10/rand-paul-tosses-cold-water-on-a-border-wall-heres-why/,Rand Paul tosses cold water on a border wall – here’s why,1,2,6,7,1,0,0,0,0,0,1,1,0,"[0, 0, 0, 0, 0, 1, 1, 0]",Rand Paul tosses cold water on a border wall – here’s why,,Rand Paul tosses cold water on a border wall – here’s why,"[0, 0, 0, 0, 0, 1, 0, 0]","[0, 0, 0, 0, 0, 1, 0, 0]",0,0,0,0,0,1,0,0
1122,5327,136e6f79-418c-42aa-b47d-17df079d259c,2018-01-13 01:23:20,https://www.yahoo.com/news/m/9d804ffa-8bb1-33cd-86e9-9a4ca652215b/ss_immigrants-with-jobs%2C.html,"Immigrants with jobs, education worry that Trump will force them into the shadows",1,2,1,6,1,1,0,0,0,0,1,0,0,"[1, 0, 0, 0, 0, 1, 0, 0]","Immigrants with jobs, education worry that Trump will force them into the shadows",,"Immigrants with jobs, education worry that Trump will force them into the shadows","[0, 0, 0, 1, 0, 1, 0, 0]","[0, 0, 0, 1, 0, 1, 0, 0]",0,0,0,1,0,1,0,0
680,3353,e6b1d7e8-7c46-4b38-b9be-3c3c9793cd6b,2018-01-04 00:43:57,http://abcnews.go.com/international/wirestory/california-cites-trump-tweet-immigration-policy-fight-52120043,California cites Trump tweet in immigration policy fight,1,1,6,7,1,0,0,0,0,0,1,1,0,"[0, 0, 0, 0, 0, 1, 1, 0]",California cites Trump tweet in immigration policy fight,,California cites Trump tweet in immigration policy fight,"[0, 0, 0, 0, 0, 1, 0, 0]","[0, 0, 0, 0, 0, 1, 0, 0]",0,0,0,0,0,1,0,0
1953,266,2598d6bf-5004-4d69-999d-b0fdfc8c7908,2018-01-30 22:04:29,http://www.chicagotribune.com/news/nationworld/politics/ct-state-of-the-union-gosar-immigration-arrests-20180130-story.html,Congressman calls for police to arrest undocumented immigrants at State of the Union - Chicago Tribune,1,2,2,99,1,0,1,0,0,0,0,0,0,"[0, 1, 0, 0, 0, 0, 0, 0]",Congressman calls for police to arrest undocumented immigrants at State of the Union - Chicago Tribune,,Congressman calls for police to arrest undocumented immigrants at State of the Union - Chicago Tribune,"[0, 1, 0, 0, 0, 1, 0, 0]","[0, 1, 0, 0, 0, 1, 0, 0]",0,1,0,0,0,1,0,0
1642,7600,d9f64203-ae79-40ea-84eb-cb0f1c03a641,2018-01-11 22:48:58,http://www.foxnews.com/politics/2018/01/11/trump-laments-immigration-from-s-hole-countries-in-oval-office-negotiations.html,Trump laments immigration from 's---hole countries'in Oval Office negotiations,1,2,6,4,1,0,0,0,1,0,1,0,0,"[0, 0, 0, 1, 0, 1, 0, 0]",Trump laments immigration from 's---hole countries'in Oval Office negotiations,,Trump laments immigration from 's---hole countries'in Oval Office negotiations,"[0, 0, 0, 0, 0, 1, 0, 0]","[0, 0, 0, 0, 0, 1, 0, 0]",0,0,0,0,0,1,0,0
412,1952,43f86a67-4341-4eb7-b747-7e0c853e3441,2018-01-04 21:48:36,https://www.newsmax.com/politics/donald-trump-border-wall-demands-border-security/2018/01/04/id/835240/,"Trump Bends on Wall Demands, Asks for More Border Security",1,2,6,7,1,0,0,0,0,0,1,1,0,"[0, 0, 0, 0, 0, 1, 1, 0]","Trump Bends on Wall Demands, Asks for More Border Security",,"Trump Bends on Wall Demands, Asks for More Border Security","[0, 0, 0, 0, 0, 1, 0, 0]","[0, 0, 0, 0, 0, 1, 0, 0]",0,0,0,0,0,1,0,0
1158,5478,09c05cba-d589-44cb-befc-e41ccc564faa,2018-01-09 08:16:08,https://www.nytimes.com/aponline/2018/01/09/world/asia/ap-as-koreas-tensions-dmz.html,Venue for Korea Talks Is Potential Flash Point Inside Border,2,99,99,99,1,0,0,0,0,0,0,0,0,"[0, 0, 0, 0, 0, 0, 0, 0]",Venue for Korea Talks Is Potential Flash Point Inside Border,,Venue for Korea Talks Is Potential Flash Point Inside Border,"[0, 0, 0, 0, 0, 1, 0, 0]","[0, 0, 0, 0, 0, 1, 0, 0]",0,0,0,0,0,1,0,0
783,3815,c488f95b-2450-44d1-aec4-5b4a65dbbcc0,2018-01-05 13:10:55,http://www.cnn.com/transcripts/1801/04/ip.01.html,"Trump on Bannon: ""I Don't Talk To Him""; Scaramucci: Trump Has The ""Best Emotional Intelligence""; Trump Meets With GOP Senators To Talk DACA; Graham: Bush And Obama Couldn't Do It But I Think Trump Can; Trump On Immigration",1,2,6,99,1,0,0,0,0,0,1,0,0,"[0, 0, 0, 0, 0, 1, 0, 0]","Trump on Bannon: ""I Don't Talk To Him""; Scaramucci: Trump Has The ""Best Emotional Intelligence""; Trump Meets With GOP Senators To Talk DACA; Graham: Bush And Obama Couldn't Do It But I Think Trump Can; Trump On Immigration",,"Trump on Bannon: ""I Don't Talk To Him""; Scaramucci: Trump Has The ""Best Emotional Intelligence""; Trump Meets With GOP Senators To Talk DACA; Graham: Bush And Obama Couldn't Do It But I Think Trump Can; Trump On Immigration","[0, 0, 0, 0, 0, 1, 0, 0]","[0, 0, 0, 0, 0, 1, 0, 0]",0,0,0,0,0,1,0,0
1559,7210,07ab1306-fc7c-4e82-979d-d4f0b1498e22,2018-01-04 00:00:00,https://www.yahoo.com/news/trump-using-daca-recipients-bargaining-190127141.html,Trump Is Using DACA Recipients as Bargaining Chips for Border Wall Funds,1,2,6,1,1,1,0,0,0,0,1,0,0,"[1, 0, 0, 0, 0, 1, 0, 0]",Trump Is Using DACA Recipients as Bargaining Chips for Border Wall Funds,,Trump Is Using DACA Recipients as Bargaining Chips for Border Wall Funds,"[0, 0, 0, 0, 0, 1, 0, 0]","[0, 0, 0, 0, 0, 1, 0, 0]",0,0,0,0,0,1,0,0
1294,5967,dab5fc2c-e642-45b9-845a-011219b03be0,2018-01-10 06:34:14,http://www.cnn.com/transcripts/1801/09/cnr.03.html,"Soon: Key Bipartisan MTG On Immigration, Spending; Gayle King: Oprah 'Intrigued' By Idea Of Run; North & South Korea Agree To Hold Military Talks. Aired 10-10:30a ET",2,99,99,99,1,0,0,0,0,0,0,0,0,"[0, 0, 0, 0, 0, 0, 0, 0]","Soon: Key Bipartisan MTG On Immigration, Spending; Gayle King: Oprah 'Intrigued' By Idea Of Run; North & South Korea Agree To Hold Military Talks. Aired 10-10:30a ET",,"Soon: Key Bipartisan MTG On Immigration, Spending; Gayle King: Oprah 'Intrigued' By Idea Of Run; North & South Korea Agree To Hold Military Talks. Aired 10-10:30a ET","[0, 0, 0, 0, 0, 1, 1, 0]","[0, 0, 0, 0, 0, 1, 1, 0]",0,0,0,0,0,1,1,0
1655,7671,98f009bd-be4f-4327-bace-0cedca9c4cb7,2018-01-05 03:55:15,https://www.nytimes.com/2018/01/04/us/politics/senate-trump-immigration-daca-deal.html,"Senators and Trump Inch Toward 'Dreamers' Deal, but a Wall Divides Them...",1,2,6,7,1,0,0,0,0,0,1,1,0,"[0, 0, 0, 0, 0, 1, 1, 0]","Senators and Trump Inch Toward 'Dreamers' Deal, but a Wall Divides Them...",,"Senators and Trump Inch Toward 'Dreamers' Deal, but a Wall Divides Them...","[0, 0, 0, 0, 0, 1, 1, 0]","[0, 0, 0, 0, 0, 1, 1, 0]",0,0,0,0,0,1,1,0
830,4022,e65a1321-a994-4e0f-8904-48957b494520,2018-01-05 17:42:06,http://www.foxnews.com/politics/2018/01/05/contractor-hopes-for-piece-trumps-border-wall-no-matter-who-pays-for-it.html?utm_source=feedburner&utm_medium=feed&utm_campaign=feed%3a+foxnews%2fpolitics+%28internal+-+politics+-+text%29,Contractor hopes for a piece of Trump's border wall – no matter who pays for it,1,2,6,7,1,0,0,0,0,0,1,1,0,"[0, 0, 0, 0, 0, 1, 1, 0]",Contractor hopes for a piece of Trump's border wall – no matter who pays for it,,Contractor hopes for a piece of Trump's border wall – no matter who pays for it,"[0, 0, 0, 0, 0, 1, 0, 0]","[0, 0, 0, 0, 0, 1, 0, 0]",0,0,0,0,0,1,0,0
786,3821,bab63326-ea7c-4522-8654-6bfd4f04336d,2018-01-10 08:56:55,https://www.usatoday.com/story/news/nation-now/2018/01/10/arts-group-wants-donald-trumps-border-wall-prototypes-preserved-national-monument/1019605001/,Arts group wants President Trump&apos;s border wall prototypes preserved as a national monument,1,2,8,6,1,0,0,0,0,0,1,0,1,"[0, 0, 0, 0, 0, 1, 0, 1]",Arts group wants President Trump&apos;s border wall prototypes preserved as a national monument,,Arts group wants President Trump&apos;s border wall prototypes preserved as a national monument,"[0, 0, 0, 0, 0, 1, 0, 0]","[0, 0, 0, 0, 0, 1, 0, 0]",0,0,0,0,0,1,0,0
1821,8387,ba86fb0c-c0d3-4313-a275-8c88093dd0af,2018-01-12 19:37:39,http://www.breitbart.com/news/anti-migrant-incumbent-favored-in-czech-presidential-vote/,Anti-migrant incumbent favored in Czech presidential vote - Breitbart,2,99,99,99,1,0,0,0,0,0,0,0,0,"[0, 0, 0, 0, 0, 0, 0, 0]",Anti-migrant incumbent favored in Czech presidential vote - Breitbart,,Anti-migrant incumbent favored in Czech presidential vote - Breitbart,"[0, 0, 0, 0, 0, 1, 0, 0]","[0, 0, 0, 0, 0, 1, 0, 0]",0,0,0,0,0,1,0,0
1546,7159,ce0dffde-46db-43b8-94b5-f83c53ea6fc1,2018-01-03 22:43:59,https://www.nytimes.com/reuters/2018/01/03/us/politics/03reuters-usa-fiscal-republicans.html,Republican Leaders Say Do Not Hold Defense Hostage to Immigration,1,2,6,2,1,0,1,0,0,0,1,0,0,"[0, 1, 0, 0, 0, 1, 0, 0]",Republican Leaders Say Do Not Hold Defense Hostage to Immigration,,Republican Leaders Say Do Not Hold Defense Hostage to Immigration,"[0, 0, 0, 0, 0, 1, 0, 0]","[0, 0, 0, 0, 0, 1, 0, 0]",0,0,0,0,0,1,0,0
809,3909,b0c9f6d9-38dc-4d1b-bb5e-7de86f2c98d5,2018-01-11 16:04:24,http://www.breitbart.com/news/4th-immigrant-teen-in-custody-says-us-preventing-abortion/,4th immigrant teen in custody says US preventing abortion,1,2,3,7,1,0,0,1,0,0,0,1,0,"[0, 0, 1, 0, 0, 0, 1, 0]",4th immigrant teen in custody says US preventing abortion,,4th immigrant teen in custody says US preventing abortion,"[0, 0, 0, 1, 0, 0, 0, 0]","[0, 0, 0, 1, 0, 0, 0, 0]",0,0,0,1,0,0,0,0
713,3528,44405ea7-9a0a-4f83-80ee-92e052ecdd88,2018-01-09 01:38:38,https://www.washingtonpost.com/world/olympics/the-latest-rare-talks-between-2-koreas-underway-at-border/2018/01/08/5f37a73e-f4dc-11e7-9af7-a50bc3300042_story.html,The Latest: Rare talks between 2 Koreas underway at border,2,99,99,99,1,0,0,0,0,0,0,0,0,"[0, 0, 0, 0, 0, 0, 0, 0]",The Latest: Rare talks between 2 Koreas underway at border,,The Latest: Rare talks between 2 Koreas underway at border,"[0, 0, 0, 0, 0, 0, 0, 0]","[0, 0, 0, 0, 0, 0, 0, 0]",0,0,0,0,0,0,0,0
1993,471,1793b660-c313-459d-a546-aee6f562e393,2018-02-05 15:30:13,http://www.breitbart.com/big-government/2018/02/05/donald-trump-mccain-daca-deal-without-wall-funding-total-waste-time/,Donald Trump: DACA Deal Without Wall Funding ‘Total Waste of Time’,1,2,6,7,1,0,0,0,0,0,1,1,0,"[0, 0, 0, 0, 0, 1, 1, 0]",Donald Trump: DACA Deal Without Wall Funding ‘Total Waste of Time’,,Donald Trump: DACA Deal Without Wall Funding ‘Total Waste of Time’,"[0, 0, 0, 0, 0, 1, 0, 0]","[0, 0, 0, 0, 0, 1, 0, 0]",0,0,0,0,0,1,0,0
1209,5678,7de98ad6-a3ec-436c-87d9-35bb75beae5d,2018-01-09 01:30:58,http://abcnews.go.com/International/wireStory/latest-rare-talks-koreas-underway-border-52223554,The Latest: Rare talks between 2 Koreas underway at border,2,99,99,99,1,0,0,0,0,0,0,0,0,"[0, 0, 0, 0, 0, 0, 0, 0]",The Latest: Rare talks between 2 Koreas underway at border,,The Latest: Rare talks between 2 Koreas underway at border,"[0, 0, 0, 0, 0, 0, 0, 0]","[0, 0, 0, 0, 0, 0, 0, 0]",0,0,0,0,0,0,0,0
1310,6058,77de2c8c-8f99-4733-b198-f8b6ef74fc29,2018-01-09 21:58:46,http://www.breitbart.com/big-government/2018/01/09/donald-trump-we-dont-need-a-2000-mile-wall-on-the-entire-southern-border/?utm_source=feedburner&utm_medium=feed&utm_campaign=feed%3a+breitbart+%28breitbart+news%29,"Donald Trump: ‘We Don’t Need a 2,000-Mile Wall’ on the Entire Southern Border",1,2,6,7,1,0,0,0,0,0,1,1,0,"[0, 0, 0, 0, 0, 1, 1, 0]","Donald Trump: ‘We Don’t Need a 2,000-Mile Wall’ on the Entire Southern Border",,"Donald Trump: ‘We Don’t Need a 2,000-Mile Wall’ on the Entire Southern Border","[0, 0, 0, 0, 0, 1, 0, 0]","[0, 0, 0, 0, 0, 1, 0, 0]",0,0,0,0,0,1,0,0
1331,6152,b0b51b38-9204-4fea-86a4-4fb4df5652a6,2018-01-12 22:10:25,http://dailycaller.com/2018/01/12/dick-durbin-chain-migration-is-a-racist-term-video/,The Term 'Chain Migration' Is Now Racist Because Slaves Were In Chains,1,2,4,5,1,0,0,0,1,1,0,0,0,"[0, 0, 0, 1, 1, 0, 0, 0]",The Term 'Chain Migration' Is Now Racist Because Slaves Were In Chains,,The Term 'Chain Migration' Is Now Racist Because Slaves Were In Chains,"[0, 0, 0, 0, 0, 0, 0, 1]","[0, 0, 0, 0, 0, 0, 0, 1]",0,0,0,0,0,0,0,1
603,2961,bf8389a3-71b1-4af5-aba4-ece02f41f274,2018-01-11 23:11:34,http://www.breitbart.com/news/gop-dem-senators-have-immigration-deal-white-house-says-no/,"GOP, Dem senators have immigration deal, White House says no",1,2,7,99,1,0,0,0,0,0,0,1,0,"[0, 0, 0, 0, 0, 0, 1, 0]","GOP, Dem senators have immigration deal, White House says no",,"GOP, Dem senators have immigration deal, White House says no","[0, 0, 0, 0, 0, 1, 1, 0]","[0, 0, 0, 0, 0, 1, 1, 0]",0,0,0,0,0,1,1,0
271,1333,8f833f03-53f4-487f-bcc3-6f74ff4818d3,2018-01-05 14:47:35,http://www.breitbart.com/news/sessions-takes-aim-at-judges-handling-of-immigration-cases/,Sessions takes aim at judges' handling of immigration cases,1,2,6,99,1,0,0,0,0,0,1,0,0,"[0, 0, 0, 0, 0, 1, 0, 0]",Sessions takes aim at judges' handling of immigration cases,,Sessions takes aim at judges' handling of immigration cases,"[0, 0, 0, 0, 0, 1, 1, 0]","[0, 0, 0, 0, 0, 1, 1, 0]",0,0,0,0,0,1,1,0
910,4386,235429f8-b9a8-48ef-bf58-a6ed544f553b,2018-01-05 23:54:26,https://www.yahoo.com/news/illegal-immigrant-acquitted-california-shooting-gets-three-years-235103654.html,Illegal immigrant acquitted in California shooting gets three years on gun charge,1,1,2,99,1,0,1,0,0,0,0,0,0,"[0, 1, 0, 0, 0, 0, 0, 0]",Illegal immigrant acquitted in California shooting gets three years on gun charge,,Illegal immigrant acquitted in California shooting gets three years on gun charge,"[0, 1, 0, 0, 0, 0, 0, 0]","[0, 1, 0, 0, 0, 0, 0, 0]",0,1,0,0,0,0,0,0
232,1101,8d5fa37a-0c69-45f2-8c33-875ae9e9a2e2,2018-01-10 23:59:02,https://www.usatoday.com/story/sports/nfl/titans/2018/01/10/titans-adoree-jackson-says-no-such-thing-rookie-wall-played-2nd-most-snaps-nfl/1019589001/,Titans' Adoree' Jackson says 'no such thing as a rookie wall',2,99,99,99,1,0,0,0,0,0,0,0,0,"[0, 0, 0, 0, 0, 0, 0, 0]",Titans' Adoree' Jackson says 'no such thing as a rookie wall',,Titans' Adoree' Jackson says 'no such thing as a rookie wall',"[0, 0, 0, 0, 0, 0, 0, 0]","[0, 0, 0, 0, 0, 0, 0, 0]",0,0,0,0,0,0,0,0
50,244,75f2ef8a-dfc3-4769-a244-9a35b8723c00,2018-01-04 19:38:45,https://www.nytimes.com/reuters/2018/01/04/us/politics/04reuters-usa-immigration-trump-meeting.html,White House: Trump to Host Bipartisan Meeting on Immigration Next Week,1,2,6,99,1,0,0,0,0,0,1,0,0,"[0, 0, 0, 0, 0, 1, 0, 0]",White House: Trump to Host Bipartisan Meeting on Immigration Next Week,,White House: Trump to Host Bipartisan Meeting on Immigration Next Week,"[0, 0, 0, 0, 0, 1, 0, 0]","[0, 0, 0, 0, 0, 1, 0, 0]",0,0,0,0,0,1,0,0
463,2276,efdeaead-1c51-4509-ac77-10cea0b95de8,2018-01-04 17:55:07,http://www.cnn.com/2018/01/04/politics/trump-meeting-republicans-immigration/index.html?utm_source=feedburner&utm_medium=feed&utm_campaign=feed%3a+rss%2fcnn_latest+%28rss%3a+cnn+-+most+recent%29,Trump meets with Republican senators on immigration,1,2,6,99,1,0,0,0,0,0,1,0,0,"[0, 0, 0, 0, 0, 1, 0, 0]",Trump meets with Republican senators on immigration,,Trump meets with Republican senators on immigration,"[0, 0, 0, 0, 0, 1, 0, 0]","[0, 0, 0, 0, 0, 1, 0, 0]",0,0,0,0,0,1,0,0
1107,5251,700e66b2-015d-4c25-82c7-f5351dad7b00,2018-01-10 19:23:05,http://www.cnn.com/2018/01/10/politics/border-crossings-up-trump-effect/index.html,Trump camp grapples with rise in border crossing numbers,1,2,6,99,1,0,0,0,0,0,1,0,0,"[0, 0, 0, 0, 0, 1, 0, 0]",Trump camp grapples with rise in border crossing numbers,,Trump camp grapples with rise in border crossing numbers,"[0, 0, 0, 0, 0, 1, 0, 0]","[0, 0, 0, 0, 0, 1, 0, 0]",0,0,0,0,0,1,0,0
1965,334,75c717c2-35c9-457a-b869-0887495ab09a,2018-02-09 18:05:53,http://www.foxnews.com/us/2018/02/09/fate-trumps-border-wall-could-be-decided-by-judge-who-clashed-with-president.html?utm_source=feedburner&utm_medium=feed&utm_campaign=feed%3a+foxnews%2fnational+%28internal+-+us+latest+-+text%29,Fate of Trump's border wall could be decided by judge who clashed with president,1,2,6,7,1,0,0,0,0,0,1,1,0,"[0, 0, 0, 0, 0, 1, 1, 0]",Fate of Trump's border wall could be decided by judge who clashed with president,,Fate of Trump's border wall could be decided by judge who clashed with president,"[0, 0, 0, 0, 0, 1, 0, 0]","[0, 0, 0, 0, 0, 1, 0, 0]",0,0,0,0,0,1,0,0
694,3416,31b9b047-6245-4665-bc1a-5ce8bea55f56,2018-01-08 17:21:39,http://www.breitbart.com/news/us-set-to-expel-around-200000-salvadoran-immigrants/,"US set to expel around 200,000 Salvadoran immigrants",1,2,7,99,1,0,0,0,0,0,0,1,0,"[0, 0, 0, 0, 0, 0, 1, 0]","US set to expel around 200,000 Salvadoran immigrants",,"US set to expel around 200,000 Salvadoran immigrants","[1, 0, 0, 0, 0, 0, 0, 0]","[1, 0, 0, 0, 0, 0, 0, 0]",1,0,0,0,0,0,0,0
963,4606,c44f8012-b80b-4c4b-80f9-8a1db5d2643d,2018-01-05 17:32:04,http://www.latimes.com/sns-bc-us--immigration-courts-20180105-story.html,Sessions takes aim at judges&apos; handling of immigration cases,1,2,6,99,1,0,0,0,0,0,1,0,0,"[0, 0, 0, 0, 0, 1, 0, 0]",Sessions takes aim at judges&apos; handling of immigration cases,,Sessions takes aim at judges&apos; handling of immigration cases,"[0, 0, 0, 0, 0, 1, 0, 0]","[0, 0, 0, 0, 0, 1, 0, 0]",0,0,0,0,0,1,0,0
1923,129,3cb647a1-e07e-4bae-aafa-b01d77d623bb,2018-01-26 04:23:23,https://www.yahoo.com/news/m/717b1533-5480-3f4a-a97e-ff23e6be5cd8/ss_rep.-raul-labrador-discusses.html,Rep. Raul Labrador Discusses Immigration Proposal From House Freedom Caucus,1,2,6,7,1,0,0,0,0,0,1,1,0,"[0, 0, 0, 0, 0, 1, 1, 0]",Rep. Raul Labrador Discusses Immigration Proposal From House Freedom Caucus,,Rep. Raul Labrador Discusses Immigration Proposal From House Freedom Caucus,"[0, 0, 0, 0, 0, 1, 1, 0]","[0, 0, 0, 0, 0, 1, 1, 0]",0,0,0,0,0,1,1,0
527,2600,c2c40614-d61a-468d-b399-ef23a68894ef,2018-01-09 21:40:00,http://www.chicagotribune.com/news/immigration/ct-trump-dreamers-immigration-deal-20180109-story.html,President Trump suggests 2-phase immigration deal for 'Dreamers' - Chicago Tribune,1,2,6,7,1,0,0,0,0,0,1,1,0,"[0, 0, 0, 0, 0, 1, 1, 0]",President Trump suggests 2-phase immigration deal for 'Dreamers' - Chicago Tribune,,President Trump suggests 2-phase immigration deal for 'Dreamers' - Chicago Tribune,"[0, 0, 0, 0, 0, 1, 1, 0]","[0, 0, 0, 0, 0, 1, 1, 0]",0,0,0,0,0,1,1,0
174,836,c44ec581-f06e-4db4-b4c3-fdc47edef336,2018-01-13 16:09:54,http://www.cnn.com/transcripts/1801/12/cnr.03.html,Trump Slams Immigrants from 'Shithole Countries'. Aired 7- 7:30a ET,1,2,6,4,1,0,0,0,1,0,1,0,0,"[0, 0, 0, 1, 0, 1, 0, 0]",Trump Slams Immigrants from 'Shithole Countries'. Aired 7- 7:30a ET,,Trump Slams Immigrants from 'Shithole Countries'. Aired 7- 7:30a ET,"[0, 1, 0, 0, 0, 0, 0, 0]","[0, 1, 0, 0, 0, 0, 0, 0]",0,1,0,0,0,0,0,0
721,3570,02be0330-00b9-4f81-b4a3-893b686c0be9,2018-01-09 19:03:57,https://www.usatoday.com/story/news/politics/2018/01/09/trump-meets-congressional-leaders-immigration/1016369001/,Trump says he wants immigration &apos;bill of love&apos; to protect DREAMers,1,2,6,7,1,0,0,0,0,0,1,1,0,"[0, 0, 0, 0, 0, 1, 1, 0]",Trump says he wants immigration &apos;bill of love&apos; to protect DREAMers,,Trump says he wants immigration &apos;bill of love&apos; to protect DREAMers,"[0, 0, 0, 0, 0, 1, 0, 0]","[0, 0, 0, 0, 0, 1, 0, 0]",0,0,0,0,0,1,0,0
415,1962,8db0b26c-59a5-442e-b173-d7e397d6dd6e,2018-01-08 18:57:29,http://www.foxnews.com/politics/2018/01/08/trump-administration-ends-tps-for-el-salvador-immigrants-what-are-these-temporary-protections.html,Trump administration ends TPS for El Salvador immigrants: What are these temporary protections?,1,2,6,4,1,0,0,0,1,0,1,0,0,"[0, 0, 0, 1, 0, 1, 0, 0]",Trump administration ends TPS for El Salvador immigrants: What are these temporary protections?,,Trump administration ends TPS for El Salvador immigrants: What are these temporary protections?,"[0, 0, 0, 1, 0, 1, 0, 0]","[0, 0, 0, 1, 0, 1, 0, 0]",0,0,0,1,0,1,0,0
238,1141,9df32557-e61b-4c6c-acdb-cb9c2cb23f78,2018-01-08 17:05:02,http://abcnews.go.com/Politics/dhs-end-protections-salvadoran-immigrants/story?id=52210484,DHS to end protections for some Salvadoran immigrants,1,2,7,99,1,0,0,0,0,0,0,1,0,"[0, 0, 0, 0, 0, 0, 1, 0]",DHS to end protections for some Salvadoran immigrants,,DHS to end protections for some Salvadoran immigrants,"[0, 0, 0, 1, 0, 0, 0, 0]","[0, 0, 0, 1, 0, 0, 0, 0]",0,0,0,1,0,0,0,0
1419,6577,b26a6758-cfea-455e-b0d4-1ff747a4a3b4,2018-01-08 16:00:40,http://www.breitbart.com/news/us-to-end-special-protections-for-salvadoran-immigrants/,US to end special protections for Salvadoran immigrants,1,2,7,99,1,0,0,0,0,0,0,1,0,"[0, 0, 0, 0, 0, 0, 1, 0]",US to end special protections for Salvadoran immigrants,,US to end special protections for Salvadoran immigrants,"[0, 0, 0, 0, 0, 1, 0, 0]","[0, 0, 0, 0, 0, 1, 0, 0]",0,0,0,0,0,1,0,0
1176,5552,8514aac3-93b4-4c96-86f5-a02b0954ea12,2018-01-13 18:56:23,https://www.yahoo.com/news/m/9be70283-432c-3e0c-b6d7-26328b5175ad/ss_%E2%80%98every-day%2C-he-sinks-lower%E2%80%99%3A.html,"‘Every day, he sinks lower’: Mass. lawmakers blast Trump’s vulgar comment on immigration",1,2,6,4,1,0,0,0,1,0,1,0,0,"[0, 0, 0, 1, 0, 1, 0, 0]","‘Every day, he sinks lower’: Mass. lawmakers blast Trump’s vulgar comment on immigration",,"‘Every day, he sinks lower’: Mass. lawmakers blast Trump’s vulgar comment on immigration","[0, 0, 0, 0, 0, 1, 0, 0]","[0, 0, 0, 0, 0, 1, 0, 0]",0,0,0,0,0,1,0,0
1241,5775,47142f45-c21a-41dc-b9f7-cde83c9f272e,2018-01-06 16:40:07,https://www.newsmax.com/world/europe/eu-italy-migrants/2018/01/06/id/835549/,"8 Migrants Dead, 84 Rescued from Sinking Boat off Libya",2,99,99,99,1,0,0,0,0,0,0,0,0,"[0, 0, 0, 0, 0, 0, 0, 0]","8 Migrants Dead, 84 Rescued from Sinking Boat off Libya",,"8 Migrants Dead, 84 Rescued from Sinking Boat off Libya","[0, 0, 0, 1, 0, 0, 0, 0]","[0, 0, 0, 1, 0, 0, 0, 0]",0,0,0,1,0,0,0,0
24,114,9cae8feb-8801-4afa-aa3e-65f1209e057b,2018-01-08 18:58:12,https://www.yahoo.com/news/two-migrants-dead-290-rescued-off-libya-coast-183504933.html,"Two migrants dead, 290 rescued off Libya coast",2,99,99,99,1,0,0,0,0,0,0,0,0,"[0, 0, 0, 0, 0, 0, 0, 0]","Two migrants dead, 290 rescued off Libya coast",,"Two migrants dead, 290 rescued off Libya coast","[0, 0, 0, 1, 0, 0, 0, 0]","[0, 0, 0, 1, 0, 0, 0, 0]",0,0,0,1,0,0,0,0
1245,5790,f3db80c2-b8f1-41d0-b887-f2077d0260bf,2018-01-11 00:21:52,http://www.breitbart.com/radio/2018/01/10/daca-beneficiary-to-breitbart-news-tonight-amnesty-is-a-magnet-for-illegal-immigration/?utm_source=feedburner&utm_medium=feed&utm_campaign=feed%3a+breitbart+%28breitbart+news%29,"DACA Recipient Tells Breitbart News Tonight: Need E-Verify, End to Chain Migration to Stop Illegals",1,2,7,1,1,1,0,0,0,0,0,1,0,"[1, 0, 0, 0, 0, 0, 1, 0]","DACA Recipient Tells Breitbart News Tonight: Need E-Verify, End to Chain Migration to Stop Illegals",,"DACA Recipient Tells Breitbart News Tonight: Need E-Verify, End to Chain Migration to Stop Illegals","[0, 0, 0, 0, 0, 1, 0, 0]","[0, 0, 0, 0, 0, 1, 0, 0]",0,0,0,0,0,1,0,0
64,278,20e10432-abb6-4028-83cb-4343feec80d6,2018-01-13 04:10:42,http://www.latimes.com/world/africa/la-fg-global-african-immigrants-explainer-20180112-story.html,African immigrants are more educated than most — including people born in U.S.,1,2,5,99,1,0,0,0,0,1,0,0,0,"[0, 0, 0, 0, 1, 0, 0, 0]",African immigrants are more educated than most — including people born in U.S.,,African immigrants are more educated than most — including people born in U.S.,"[0, 0, 0, 0, 1, 0, 0, 0]","[0, 0, 0, 0, 1, 0, 0, 0]",0,0,0,0,1,0,0,0
290,1426,2e983c03-275d-48de-81d1-0135b69f8dce,2018-01-09 16:35:03,http://www.breitbart.com/london/2018/01/09/czech-prez-10-million-migrants-africa-come-european-union/,Czech Prez: ’10 Million Migrants from Africa Could Come to European Union’,2,99,99,99,1,0,0,0,0,0,0,0,0,"[0, 0, 0, 0, 0, 0, 0, 0]",Czech Prez: ’10 Million Migrants from Africa Could Come to European Union’,,Czech Prez: ’10 Million Migrants from Africa Could Come to European Union’,"[0, 0, 0, 0, 0, 0, 0, 0]","[0, 0, 0, 0, 0, 0, 0, 0]",0,0,0,0,0,0,0,0
189,918,e4cc1d46-d419-4919-b0fb-d63a3a49d1ea,2018-01-06 13:14:49,http://www.newsweek.com/trump-killing-tourism-industry-experts-say-772425,"Trump's Anti-Immigration Rhetoric, Policies Killing Tourism to the U.S., Industry Analysts Say",1,2,6,1,1,1,0,0,0,0,1,0,0,"[1, 0, 0, 0, 0, 1, 0, 0]","Trump's Anti-Immigration Rhetoric, Policies Killing Tourism to the U.S., Industry Analysts Say",,"Trump's Anti-Immigration Rhetoric, Policies Killing Tourism to the U.S., Industry Analysts Say","[1, 0, 0, 0, 0, 1, 0, 0]","[1, 0, 0, 0, 0, 1, 0, 0]",1,0,0,0,0,1,0,0
702,3452,44d44091-841f-4622-9e3a-ab412055680f,2018-01-11 04:44:22,http://abcnews.go.com/international/wirestory/aid-reaches-displaced-syrians-cross-border-crane-drop-52261869,UN aid reaches displaced Syrians via cross-border crane drop,2,99,99,99,1,0,0,0,0,0,0,0,0,"[0, 0, 0, 0, 0, 0, 0, 0]",UN aid reaches displaced Syrians via cross-border crane drop,,UN aid reaches displaced Syrians via cross-border crane drop,"[0, 0, 0, 0, 0, 0, 0, 0]","[0, 0, 0, 0, 0, 0, 0, 0]",0,0,0,0,0,0,0,0
1832,8451,71b6ecb8-d6c6-418e-a6a8-56de63070a1f,2018-01-12 21:42:32,https://slate.com/news-and-politics/2018/01/trump-told-senators-he-doesnt-want-any-more-immigrants-from-shithole-countries.html,Trump Told Senators He Doesn’t Want Any More Immigrants From 'Shithole' Countries,1,2,6,4,1,0,0,0,1,0,1,0,0,"[0, 0, 0, 1, 0, 1, 0, 0]",Trump Told Senators He Doesn’t Want Any More Immigrants From 'Shithole' Countries,,Trump Told Senators He Doesn’t Want Any More Immigrants From 'Shithole' Countries,"[0, 1, 0, 0, 0, 0, 0, 0]","[0, 1, 0, 0, 0, 0, 0, 0]",0,1,0,0,0,0,0,0
1139,5375,b91015b1-497e-4bca-9477-ecd2fa0acf53,2018-01-12 02:23:32,https://www.usatoday.com/story/news/politics/onpolitics/2018/01/11/reactions-trumps-immigration-comments/1026851001/,"Divisive,''elitist,' 'racist': Reactions to Trump's immigration comments",1,2,4,6,1,0,0,0,1,0,1,0,0,"[0, 0, 0, 1, 0, 1, 0, 0]","Divisive,''elitist,' 'racist': Reactions to Trump's immigration comments",,"Divisive,''elitist,' 'racist': Reactions to Trump's immigration comments","[0, 0, 0, 0, 0, 0, 0, 1]","[0, 0, 0, 0, 0, 0, 0, 1]",0,0,0,0,0,0,0,1
355,1735,80a14bbc-d365-4be5-b969-95006db5c7f8,2018-01-06 22:43:52,http://abcnews.go.com/politics/wirestory/latest-trump-prepared-2018-agenda-52179526,The Latest: Trump says DACA bill has to overhaul immigration,1,2,6,7,1,0,0,0,0,0,1,1,0,"[0, 0, 0, 0, 0, 1, 1, 0]",The Latest: Trump says DACA bill has to overhaul immigration,,The Latest: Trump says DACA bill has to overhaul immigration,"[0, 0, 0, 0, 0, 1, 1, 0]","[0, 0, 0, 0, 0, 1, 1, 0]",0,0,0,0,0,1,1,0
417,2000,561b2c21-120e-44f4-86db-8e7aa4c05fe1,2018-01-06 20:32:03,http://dailycaller.com/2018/01/06/trumps-not-letting-go-mexico-will-pay-for-the-wall/,Trump’s Not Letting Go: ‘Mexico Will Pay For The Wall’,1,2,6,1,1,1,0,0,0,0,1,0,0,"[1, 0, 0, 0, 0, 1, 0, 0]",Trump’s Not Letting Go: ‘Mexico Will Pay For The Wall’,,Trump’s Not Letting Go: ‘Mexico Will Pay For The Wall’,"[0, 0, 0, 0, 0, 1, 0, 0]","[0, 0, 0, 0, 0, 1, 0, 0]",0,0,0,0,0,1,0,0
1667,7740,52563e82-38bf-4047-8a38-f8f3a36e1f9e,2018-01-03 05:09:34,https://www.yahoo.com/news/north-korean-leader-orders-border-hotline-south-korea-044756388--spt.html,North Korean leader orders border hotline with South Korea reopened on Wednesday,2,99,99,99,1,0,0,0,0,0,0,0,0,"[0, 0, 0, 0, 0, 0, 0, 0]",North Korean leader orders border hotline with South Korea reopened on Wednesday,,North Korean leader orders border hotline with South Korea reopened on Wednesday,"[0, 0, 0, 0, 0, 0, 0, 0]","[0, 0, 0, 0, 0, 0, 0, 0]",0,0,0,0,0,0,0,0
932,4475,7ec8f24d-fc5e-4b00-808f-a1513f359693,2018-01-14 16:13:06,http://www.latimes.com/opinion/op-ed/la-oe-jennings-legal-illegal-immigration-20180114-story.html,"Yes, your ancestors probably did come here legally — because &apos;illegal&apos; immigration is less than a century old",1,2,5,99,1,0,0,0,0,1,0,0,0,"[0, 0, 0, 0, 1, 0, 0, 0]","Yes, your ancestors probably did come here legally — because &apos;illegal&apos; immigration is less than a century old",,"Yes, your ancestors probably did come here legally — because &apos;illegal&apos; immigration is less than a century old","[0, 0, 0, 0, 0, 0, 0, 1]","[0, 0, 0, 0, 0, 0, 0, 1]",0,0,0,0,0,0,0,1
197,953,bfe2d385-2017-4aa9-9b52-1a93f006c511,2018-01-12 15:17:36,http://www.newsweek.com/tel-aviv-diary-trump-and-netanyahu-crank-anti-immigration-rhetoric-779604,Tel Aviv Diary: Trump and Netanyahu Crank Up the Anti-Immigration Rhetoric,1,2,6,4,1,0,0,0,1,0,1,0,0,"[0, 0, 0, 1, 0, 1, 0, 0]",Tel Aviv Diary: Trump and Netanyahu Crank Up the Anti-Immigration Rhetoric,,Tel Aviv Diary: Trump and Netanyahu Crank Up the Anti-Immigration Rhetoric,"[0, 0, 0, 0, 0, 1, 0, 0]","[0, 0, 0, 0, 0, 1, 0, 0]",0,0,0,0,0,1,0,0
580,2857,2d45f624-2a61-420d-98c2-01b6966418a1,2018-01-08 23:36:19,http://www.breitbart.com/video/2018/01/08/dem-rep-castro-democrats-will-vote-daca-fix-includes-border-wall-funding/,Dem Rep Castro: ‘Most Democrats’ Will Vote Against DACA Fix If It Includes Border Wall Funding - Breitbart,1,2,6,7,1,0,0,0,0,0,1,1,0,"[0, 0, 0, 0, 0, 1, 1, 0]",Dem Rep Castro: ‘Most Democrats’ Will Vote Against DACA Fix If It Includes Border Wall Funding - Breitbart,,Dem Rep Castro: ‘Most Democrats’ Will Vote Against DACA Fix If It Includes Border Wall Funding - Breitbart,"[0, 0, 0, 0, 0, 1, 1, 0]","[0, 0, 0, 0, 0, 1, 1, 0]",0,0,0,0,0,1,1,0
1644,7613,dea316a7-d96b-4287-9ac8-fda941ba47be,2018-01-11 11:10:33,http://thehill.com/homenews/administration/368415-the-memo-immigration-battle-tests-activists-muscle,The Memo: Immigration battle tests activists’ muscle,1,2,8,99,1,0,0,0,0,0,0,0,1,"[0, 0, 0, 0, 0, 0, 0, 1]",The Memo: Immigration battle tests activists’ muscle,,The Memo: Immigration battle tests activists’ muscle,"[0, 0, 0, 0, 0, 1, 0, 0]","[0, 0, 0, 0, 0, 1, 0, 0]",0,0,0,0,0,1,0,0
1672,7766,dc54bdaf-c298-4d99-a2bc-92623c3a6182,2018-01-10 00:47:36,http://www.nbcnews.com/politics/first-read/trump-his-border-wall-remain-biggest-wild-cards-immigration-fight-n836011,Trump and his border wall remain biggest wild cards in immigration fight,1,2,6,7,1,0,0,0,0,0,1,1,0,"[0, 0, 0, 0, 0, 1, 1, 0]",Trump and his border wall remain biggest wild cards in immigration fight,,Trump and his border wall remain biggest wild cards in immigration fight,"[0, 0, 0, 0, 0, 1, 0, 0]","[0, 0, 0, 0, 0, 1, 0, 0]",0,0,0,0,0,1,0,0
1937,204,5159a89d-149b-4b1e-952d-7a9bae0301c3,2018-01-31 19:28:47,https://www.yahoo.com/news/macron-looks-control-migration-line-between-economic-migrants-191814474.html,"As Macron looks to control migration, line between economic migrants, refugees blurs",2,99,99,99,1,0,0,0,0,0,0,0,0,"[0, 0, 0, 0, 0, 0, 0, 0]","As Macron looks to control migration, line between economic migrants, refugees blurs",,"As Macron looks to control migration, line between economic migrants, refugees blurs","[1, 0, 0, 0, 0, 1, 0, 0]","[1, 0, 0, 0, 0, 1, 0, 0]",1,0,0,0,0,1,0,0
434,2153,61dd690a-4572-437d-a5a4-ade8dbcd2d14,2018-01-08 00:12:05,http://www.breitbart.com/news/border-inspections-of-electronic-devices-hits-record-high/,Border inspections of electronic devices hits record high - Breitbart,1,2,2,99,1,0,1,0,0,0,0,0,0,"[0, 1, 0, 0, 0, 0, 0, 0]",Border inspections of electronic devices hits record high - Breitbart,,Border inspections of electronic devices hits record high - Breitbart,"[0, 0, 0, 0, 0, 0, 0, 0]","[0, 0, 0, 0, 0, 0, 0, 0]",0,0,0,0,0,0,0,0
101,485,d60eb5a6-5c64-4dd9-9248-d72630761a9b,2018-01-03 20:15:03,https://www.huffingtonpost.com/entry/california-highway-signs-sanctuary-state_us_5a4d0a3fe4b025f99e1f489e,Anti-Immigrant Signs Pop Up On California Highways As State Becomes A Sanctuary,1,1,4,99,1,0,0,0,1,0,0,0,0,"[0, 0, 0, 1, 0, 0, 0, 0]",Anti-Immigrant Signs Pop Up On California Highways As State Becomes A Sanctuary,,Anti-Immigrant Signs Pop Up On California Highways As State Becomes A Sanctuary,"[0, 0, 0, 1, 0, 0, 0, 0]","[0, 0, 0, 1, 0, 0, 0, 0]",0,0,0,1,0,0,0,0
1657,7684,8c488a53-3191-4526-8fef-bcc6356ad7a0,2018-01-04 19:56:11,http://www.newsweek.com/trump-using-daca-recipients-hostages-border-wall-771032,Trump Is Using DACA Recipients as Bargaining Chips for Border Wall Funds,1,2,6,1,1,1,0,0,0,0,1,0,0,"[1, 0, 0, 0, 0, 1, 0, 0]",Trump Is Using DACA Recipients as Bargaining Chips for Border Wall Funds,,Trump Is Using DACA Recipients as Bargaining Chips for Border Wall Funds,"[0, 0, 0, 0, 0, 1, 0, 0]","[0, 0, 0, 0, 0, 1, 0, 0]",0,0,0,0,0,1,0,0
395,1891,c6a5f332-f430-4ac7-92b7-0bb1fabb847f,2018-01-03 01:35:03,https://www.washingtonpost.com/politics/immigration-official-wants-pols-in-sanctuary-cities-charged/2018/01/02/263919f4-f022-11e7-95e3-eff284e71c8d_story.html,Immigration official wants pols in sanctuary cities charged,1,2,2,99,1,0,1,0,0,0,0,0,0,"[0, 1, 0, 0, 0, 0, 0, 0]",Immigration official wants pols in sanctuary cities charged,,Immigration official wants pols in sanctuary cities charged,"[0, 1, 0, 0, 0, 1, 0, 0]","[0, 1, 0, 0, 0, 1, 0, 0]",0,1,0,0,0,1,0,0
1941,224,fe432113-f7dc-4e30-9bf9-57cc4f4de575,2018-02-05 19:52:50,http://www.foxnews.com/politics/2018/02/05/bipartisan-immigration-bill-surfaces-trump-knocks-it-down.html,"Bipartisan immigration bill surfaces, Trump knocks it down",1,2,6,7,1,0,0,0,0,0,1,1,0,"[0, 0, 0, 0, 0, 1, 1, 0]","Bipartisan immigration bill surfaces, Trump knocks it down",,"Bipartisan immigration bill surfaces, Trump knocks it down","[0, 0, 0, 0, 0, 1, 1, 0]","[0, 0, 0, 0, 0, 1, 1, 0]",0,0,0,0,0,1,1,0
221,1059,33a28b82-e7c0-47b4-a637-bfaa67b6f8a8,2018-01-02 23:54:54,http://abcnews.go.com/politics/wirestory/latest-trump-accuses-justice-dept-deep-state-52094766,The Latest: Trump says Dems not helping young immigrants,1,2,6,99,1,0,0,0,0,0,1,0,0,"[0, 0, 0, 0, 0, 1, 0, 0]",The Latest: Trump says Dems not helping young immigrants,,The Latest: Trump says Dems not helping young immigrants,"[0, 0, 0, 0, 0, 1, 0, 0]","[0, 0, 0, 0, 0, 1, 0, 0]",0,0,0,0,0,1,0,0
1324,6127,91e67459-a0c8-4e81-9c5d-f58f73795365,2018-01-09 22:33:12,https://www.huffingtonpost.com/entry/white-house-trump-daca-dreamers_us_5a53e676e4b0efe47ebbe695?ncid=inblnkushpmg00000009,Trump Suggests Comprehensive Immigration Reform If He Gets His Border Wall,1,2,6,7,1,0,0,0,0,0,1,1,0,"[0, 0, 0, 0, 0, 1, 1, 0]",Trump Suggests Comprehensive Immigration Reform If He Gets His Border Wall,,Trump Suggests Comprehensive Immigration Reform If He Gets His Border Wall,"[0, 0, 0, 0, 0, 1, 1, 0]","[0, 0, 0, 0, 0, 1, 1, 0]",0,0,0,0,0,1,1,0
1549,7162,1b48514f-5914-4e87-b25f-c380d273f611,2018-01-14 00:55:54,http://www.foxnews.com/world/2018/01/13/journalist-killed-in-mexican-border-state-tamaulipas.html,Journalist killed in Mexican border state of Tamaulipas,2,99,99,99,1,0,0,0,0,0,0,0,0,"[0, 0, 0, 0, 0, 0, 0, 0]",Journalist killed in Mexican border state of Tamaulipas,,Journalist killed in Mexican border state of Tamaulipas,"[0, 1, 0, 0, 0, 0, 0, 0]","[0, 1, 0, 0, 0, 0, 0, 0]",0,1,0,0,0,0,0,0
1053,5013,387f9b00-bd3f-48e4-933b-11670c52a060,2018-01-05 17:15:56,https://www.nytimes.com/reuters/2018/01/05/us/politics/05reuters-usa-immigration.html,Deal on'Dreamer'Immigrants Still Ways Off: Republicans,1,2,6,7,1,0,0,0,0,0,1,1,0,"[0, 0, 0, 0, 0, 1, 1, 0]",Deal on'Dreamer'Immigrants Still Ways Off: Republicans,,Deal on'Dreamer'Immigrants Still Ways Off: Republicans,"[0, 0, 0, 0, 0, 1, 0, 0]","[0, 0, 0, 0, 0, 1, 0, 0]",0,0,0,0,0,1,0,0
345,1693,3a2c555d-8096-4ab0-a82a-65c78ab18595,2018-01-08 13:35:41,https://www.nytimes.com/aponline/2018/01/08/world/europe/ap-eu-italy-migrants.html,UN Raises Probable Death Toll in Migrant Boat Sinking to 64,2,99,99,99,1,0,0,0,0,0,0,0,0,"[0, 0, 0, 0, 0, 0, 0, 0]",UN Raises Probable Death Toll in Migrant Boat Sinking to 64,,UN Raises Probable Death Toll in Migrant Boat Sinking to 64,"[0, 0, 0, 1, 0, 0, 0, 0]","[0, 0, 0, 1, 0, 0, 0, 0]",0,0,0,1,0,0,0,0
844,4087,8e18625a-861a-4470-84f5-f391c6502fdf,2018-01-11 18:52:50,https://www.newsmax.com/world/europe/eu-germany-dog-attack/2018/01/11/id/836597/,German Official Denies Notion Saxony No-go Area for Migrants,2,99,99,99,1,0,0,0,0,0,0,0,0,"[0, 0, 0, 0, 0, 0, 0, 0]",German Official Denies Notion Saxony No-go Area for Migrants,,German Official Denies Notion Saxony No-go Area for Migrants,"[0, 0, 0, 0, 0, 0, 0, 1]","[0, 0, 0, 0, 0, 0, 0, 1]",0,0,0,0,0,0,0,1
890,4293,eda423e9-ab08-484b-a4dd-e0b8ad3ed09a,2018-01-02 22:40:14,https://www.washingtonpost.com/news/wizards-insider/wp/2018/01/02/john-wall-can-throw-a-block-party-better-than-any-other-nba-point-guard/,John Wall can throw a block party better than any other NBA point guard,2,99,99,99,1,0,0,0,0,0,0,0,0,"[0, 0, 0, 0, 0, 0, 0, 0]",John Wall can throw a block party better than any other NBA point guard,,John Wall can throw a block party better than any other NBA point guard,"[0, 0, 0, 0, 0, 0, 0, 0]","[0, 0, 0, 0, 0, 0, 0, 0]",0,0,0,0,0,0,0,0
1760,8150,192ea857-f0c0-422c-81da-474e04e11562,2018-01-03 15:18:16,http://www.breitbart.com/news/n-korea-reopens-cross-border-communications-with-s-korea/,N. Korea reopens cross-border communications with South,2,99,99,99,1,0,0,0,0,0,0,0,0,"[0, 0, 0, 0, 0, 0, 0, 0]",N. Korea reopens cross-border communications with South,,N. Korea reopens cross-border communications with South,"[0, 0, 0, 0, 0, 0, 0, 0]","[0, 0, 0, 0, 0, 0, 0, 0]",0,0,0,0,0,0,0,0
553,2702,dc01c9f4-a661-43d5-b842-f58adb503eaf,2018-01-11 00:17:19,http://abcnews.go.com/us/wirestory/apnewsbreak-eleven-probe-opens-front-immigration-52260442,Immigration agents descend on 7-Eleven stores in 17 states,1,2,1,99,1,1,0,0,0,0,0,0,0,"[1, 0, 0, 0, 0, 0, 0, 0]",Immigration agents descend on 7-Eleven stores in 17 states,,Immigration agents descend on 7-Eleven stores in 17 states,"[0, 1, 0, 0, 0, 0, 0, 0]","[0, 1, 0, 0, 0, 0, 0, 0]",0,1,0,0,0,0,0,0
744,3666,5dce824e-e3fd-4ce9-a6b3-71ee4572fb34,2018-01-10 10:38:12,https://www.yahoo.com/news/conservatives-alarmed-trump-apos-comprehensive-021655530.html,Conservatives Alarmed By Trump’s 'Comprehensive Immigration Reform'Talk,1,2,6,99,1,0,0,0,0,0,1,0,0,"[0, 0, 0, 0, 0, 1, 0, 0]",Conservatives Alarmed By Trump’s 'Comprehensive Immigration Reform'Talk,,Conservatives Alarmed By Trump’s 'Comprehensive Immigration Reform'Talk,"[0, 0, 0, 0, 0, 1, 0, 0]","[0, 0, 0, 0, 0, 1, 0, 0]",0,0,0,0,0,1,0,0
1162,5503,f6ceda44-32ae-455b-af73-f5092d314d89,2018-01-11 14:43:22,http://www.cnn.com/transcripts/1801/11/nday.02.html,Trump Open to Talks with North; Boardroom Trump verses Cabinet Room Trump; Jones Diagnosed with Leukemia; Physical Wall for Border. Aired 6:30-7:00a ET,1,2,6,7,1,0,0,0,0,0,1,1,0,"[0, 0, 0, 0, 0, 1, 1, 0]",Trump Open to Talks with North; Boardroom Trump verses Cabinet Room Trump; Jones Diagnosed with Leukemia; Physical Wall for Border. Aired 6:30-7:00a ET,,Trump Open to Talks with North; Boardroom Trump verses Cabinet Room Trump; Jones Diagnosed with Leukemia; Physical Wall for Border. Aired 6:30-7:00a ET,"[0, 0, 0, 0, 0, 0, 0, 0]","[0, 0, 0, 0, 0, 0, 0, 0]",0,0,0,0,0,0,0,0
539,2644,44fb9fe1-3c84-4d1a-9443-06371a371cb5,2018-01-09 18:38:36,http://www.foxnews.com/politics/2018/01/09/uproar-over-salvadoran-decision-could-give-trump-bargaining-chip-in-immigration-talks.html,Uproar over Salvadoran decision could give Trump bargaining chip in immigration talks,1,2,4,6,1,0,0,0,1,0,1,0,0,"[0, 0, 0, 1, 0, 1, 0, 0]",Uproar over Salvadoran decision could give Trump bargaining chip in immigration talks,,Uproar over Salvadoran decision could give Trump bargaining chip in immigration talks,"[0, 0, 0, 0, 0, 1, 0, 0]","[0, 0, 0, 0, 0, 1, 0, 0]",0,0,0,0,0,1,0,0
908,4377,5d0ae497-d598-4381-97c3-4bb22e50a964,2018-01-11 16:17:40,http://www.cnn.com/2018/01/11/politics/donald-trump-positions-on-the-wall-daca/index.html?utm_source=feedburner&utm_medium=feed&utm_campaign=feed%3a+rss%2fedition_us+%28rss%3a+cnni+-+u.s.%29,What kind of border wall does Trump want? It depends on who's asking.,1,2,7,6,1,0,0,0,0,0,1,1,0,"[0, 0, 0, 0, 0, 1, 1, 0]",What kind of border wall does Trump want? It depends on who's asking.,,What kind of border wall does Trump want? It depends on who's asking.,"[0, 0, 0, 0, 0, 1, 0, 0]","[0, 0, 0, 0, 0, 1, 0, 0]",0,0,0,0,0,1,0,0
1397,6484,a6adb80d-862f-42ab-8bc7-3bf77c027226,2018-01-09 01:35:00,http://thehill.com/homenews/house/368013-trumps-border-wall-becomes-flashpoint-in-shutdown-fight,Trump’s border wall becomes flashpoint in shutdown fight,1,2,6,7,1,0,0,0,0,0,1,1,0,"[0, 0, 0, 0, 0, 1, 1, 0]",Trump’s border wall becomes flashpoint in shutdown fight,,Trump’s border wall becomes flashpoint in shutdown fight,"[0, 0, 0, 0, 0, 1, 1, 0]","[0, 0, 0, 0, 0, 1, 1, 0]",0,0,0,0,0,1,1,0
116,568,369a7e2d-b694-4ef9-9775-cf481087cc89,2018-01-10 07:55:10,http://dailycaller.com/2018/01/09/illegal-immigration-by-family-units-and-children-surges-as-daca-negotiations-heat-up/,Illegal Immigration By 'Family Units' and Children Surges As DACA Negotiations Heat Up,1,2,3,7,1,0,0,1,0,0,0,1,0,"[0, 0, 1, 0, 0, 0, 1, 0]",Illegal Immigration By 'Family Units' and Children Surges As DACA Negotiations Heat Up,,Illegal Immigration By 'Family Units' and Children Surges As DACA Negotiations Heat Up,"[0, 0, 1, 0, 0, 0, 1, 0]","[0, 0, 1, 0, 0, 0, 1, 0]",0,0,1,0,0,0,1,0
1787,8275,b783ffb6-36bf-4e50-9949-3122bb579cd9,2018-01-11 03:27:05,http://www.foxnews.com/us/2018/01/10/7-eleven-immigration-raids-net-21-arrests-nearly-100-stores-targeted.html,7-Eleven immigration raids,1,1,1,99,1,1,0,0,0,0,0,0,0,"[1, 0, 0, 0, 0, 0, 0, 0]",7-Eleven immigration raids,,7-Eleven immigration raids,"[1, 0, 0, 0, 0, 0, 0, 0]","[1, 0, 0, 0, 0, 0, 0, 0]",1,0,0,0,0,0,0,0
1521,7027,0f9027af-46a8-4ef7-8e9b-c4f9b4e113ed,2018-01-09 14:25:36,http://www.breitbart.com/video/2018/01/09/rubio-cant-shut-govt-daca-dems-oppose-wall-symbolic-political-reasons/,"Rubio: ‘You Can’t’ Shut Down the Gov’t Over DACA — Dems Oppose Wall for Symbolic, Political Reasons",1,2,6,7,1,0,0,0,0,0,1,1,0,"[0, 0, 0, 0, 0, 1, 1, 0]","Rubio: ‘You Can’t’ Shut Down the Gov’t Over DACA — Dems Oppose Wall for Symbolic, Political Reasons",,"Rubio: ‘You Can’t’ Shut Down the Gov’t Over DACA — Dems Oppose Wall for Symbolic, Political Reasons","[0, 0, 0, 0, 0, 1, 0, 1]","[0, 0, 0, 0, 0, 1, 0, 1]",0,0,0,0,0,1,0,1
810,3916,9342804a-302d-4c85-9133-48f2d2d57086,2018-01-14 22:06:40,https://www.yahoo.com/news/rand-paul-says-calling-trump-181240052.html,Rand Paul Says Calling Trump 'A Racist'Hurts Immigration Talks,1,2,6,4,1,0,0,0,1,0,1,0,0,"[0, 0, 0, 1, 0, 1, 0, 0]",Rand Paul Says Calling Trump 'A Racist'Hurts Immigration Talks,,Rand Paul Says Calling Trump 'A Racist'Hurts Immigration Talks,"[0, 0, 0, 0, 0, 1, 0, 0]","[0, 0, 0, 0, 0, 1, 0, 0]",0,0,0,0,0,1,0,0
1252,5810,4708040d-9587-412c-9fa0-e57f2346d942,2018-01-13 11:34:27,http://www.latimes.com/nation/sns-bc-eu--czech-presidential-election-20180113-story.html,Czechs vote for president; anti-migrant incumbent is favored,2,99,99,99,1,0,0,0,0,0,0,0,0,"[0, 0, 0, 0, 0, 0, 0, 0]",Czechs vote for president; anti-migrant incumbent is favored,,Czechs vote for president; anti-migrant incumbent is favored,"[0, 0, 0, 0, 0, 1, 0, 0]","[0, 0, 0, 0, 0, 1, 0, 0]",0,0,0,0,0,1,0,0
1006,4773,f3fbf15a-56fa-4f6c-befc-78e294894072,2018-01-10 13:53:14,http://www.breitbart.com/video/2018/01/09/mark-levin-trumps-new-immigration-tack-no-art-deal-complete-surrender/?utm_source=feedburner&utm_medium=feed&utm_campaign=feed%3a+breitbart+%28breitbart+news%29,"Mark Levin on Trump’s New Immigration Tack: ‘No Art of the Deal,’ ‘Complete Surrender’",1,2,6,99,1,0,0,0,0,0,1,0,0,"[0, 0, 0, 0, 0, 1, 0, 0]","Mark Levin on Trump’s New Immigration Tack: ‘No Art of the Deal,’ ‘Complete Surrender’",,"Mark Levin on Trump’s New Immigration Tack: ‘No Art of the Deal,’ ‘Complete Surrender’","[0, 0, 0, 0, 0, 1, 0, 0]","[0, 0, 0, 0, 0, 1, 0, 0]",0,0,0,0,0,1,0,0
306,1527,1b6abfff-f4f0-48eb-be79-3d201dabee5e,2018-01-11 05:34:23,http://abcnews.go.com/Politics/wireStory/lawmakers-renew-immigration-effort-shutdown-looms-52274988,Lawmakers renew immigration effort as a shutdown looms,1,2,7,99,1,0,0,0,0,0,0,1,0,"[0, 0, 0, 0, 0, 0, 1, 0]",Lawmakers renew immigration effort as a shutdown looms,,Lawmakers renew immigration effort as a shutdown looms,"[0, 0, 0, 0, 0, 1, 1, 0]","[0, 0, 0, 0, 0, 1, 1, 0]",0,0,0,0,0,1,1,0
1875,8611,7689dd2c-a73a-4392-9203-de014fa40375,2018-01-09 00:58:59,http://www.chicagotribune.com/news/nationworld/ct-south-korea-north-korea-talks-20180108-story.html,South Korean officials head to border for talks with North,2,99,99,99,1,0,0,0,0,0,0,0,0,"[0, 0, 0, 0, 0, 0, 0, 0]",South Korean officials head to border for talks with North,,South Korean officials head to border for talks with North,"[0, 0, 0, 0, 0, 0, 0, 0]","[0, 0, 0, 0, 0, 0, 0, 0]",0,0,0,0,0,0,0,0
480,2347,1daec73c-60f2-4285-a53f-42e53bd31153,2018-01-04 17:39:58,https://www.washingtonpost.com/politics/congress/the-latest-trump-talks-immigration-with-gop-senators/2018/01/04/42a92342-f174-11e7-95e3-eff284e71c8d_story.html,The Latest: Trump talks immigration with GOP senators,1,2,6,99,1,0,0,0,0,0,1,0,0,"[0, 0, 0, 0, 0, 1, 0, 0]",The Latest: Trump talks immigration with GOP senators,,The Latest: Trump talks immigration with GOP senators,"[0, 0, 0, 0, 0, 1, 0, 0]","[0, 0, 0, 0, 0, 1, 0, 0]",0,0,0,0,0,1,0,0
1426,6610,3ede3611-6998-4f6e-99ef-c081f33a7ee6,2018-01-04 09:56:45,https://www.yahoo.com/news/trump-ice-chief-wants-prosecute-023614052.html,Trump ICE Chief Wants To Prosecute Politicians Who Won't Lock Up More Immigrants,1,2,6,2,1,0,1,0,0,0,1,0,0,"[0, 1, 0, 0, 0, 1, 0, 0]",Trump ICE Chief Wants To Prosecute Politicians Who Won't Lock Up More Immigrants,,Trump ICE Chief Wants To Prosecute Politicians Who Won't Lock Up More Immigrants,"[0, 1, 0, 0, 0, 1, 0, 0]","[0, 1, 0, 0, 0, 1, 0, 0]",0,1,0,0,0,1,0,0
1503,6917,e85e1417-1b0f-4a19-bfb2-d9d97907c639,2018-01-08 00:12:07,http://www.breitbart.com/news/at-least-25-dead-in-migrant-shipwreck-off-libya-rescue-charities/,At least 25 dead in migrant shipwreck off Libya: rescue charities - Breitbart,2,99,99,99,1,0,0,0,0,0,0,0,0,"[0, 0, 0, 0, 0, 0, 0, 0]",At least 25 dead in migrant shipwreck off Libya: rescue charities - Breitbart,,At least 25 dead in migrant shipwreck off Libya: rescue charities - Breitbart,"[0, 0, 0, 1, 0, 0, 0, 0]","[0, 0, 0, 1, 0, 0, 0, 0]",0,0,0,1,0,0,0,0
571,2796,e20814c4-ad7e-417f-a355-056ae670ef55,2018-01-11 22:10:54,http://dailycaller.com/2018/01/11/heres-trumps-plan-for-getting-mexico-to-pay-for-the-wall/,Here’s Trump’s Plan For Getting Mexico To Pay For The Wall,1,2,6,7,1,0,0,0,0,0,1,1,0,"[0, 0, 0, 0, 0, 1, 1, 0]",Here’s Trump’s Plan For Getting Mexico To Pay For The Wall,,Here’s Trump’s Plan For Getting Mexico To Pay For The Wall,"[0, 0, 0, 0, 0, 1, 1, 0]","[0, 0, 0, 0, 0, 1, 1, 0]",0,0,0,0,0,1,1,0
619,3037,5a5d26c8-091c-47fb-8d55-a748c89b1001,2018-01-09 19:11:13,http://www.foxnews.com/politics/2018/01/09/uproar-over-salvadoran-decision-could-give-trump-bargaining-chip-in-immigration-talks.html?utm_source=feedburner&utm_medium=feed&utm_campaign=feed%3a+foxnews%2fpolitics+%28internal+-+politics+-+text%29,Uproar over Salvadoran decision could give Trump bargaining chip in immigration talks,1,2,6,7,1,0,0,0,0,0,1,1,0,"[0, 0, 0, 0, 0, 1, 1, 0]",Uproar over Salvadoran decision could give Trump bargaining chip in immigration talks,,Uproar over Salvadoran decision could give Trump bargaining chip in immigration talks,"[0, 0, 0, 0, 0, 1, 0, 0]","[0, 0, 0, 0, 0, 1, 0, 0]",0,0,0,0,0,1,0,0
1326,6133,63283183-a9c0-4958-87e9-85a26dc2c9ab,2018-01-09 16:54:48,http://www.latimes.com/politics/la-na-pol-congress-immigration-dreamers-20180109-story.html,Political agenda keeps Trump and Congress apart on a fix for immigrant 'Dreamers',1,2,6,7,1,0,0,0,0,0,1,1,0,"[0, 0, 0, 0, 0, 1, 1, 0]",Political agenda keeps Trump and Congress apart on a fix for immigrant 'Dreamers',,Political agenda keeps Trump and Congress apart on a fix for immigrant 'Dreamers',"[0, 0, 0, 0, 0, 1, 0, 0]","[0, 0, 0, 0, 0, 1, 0, 0]",0,0,0,0,0,1,0,0
1796,8302,58293d61-5ba8-4c6e-b900-16bf3001f6ab,2018-01-13 07:07:25,http://www.foxnews.com/politics/2018/01/12/war-words-escalates-over-trumps-immigration-comments.html,War of words escalates over Trump's immigration comments | Fox News,1,2,6,99,1,0,0,0,0,0,1,0,0,"[0, 0, 0, 0, 0, 1, 0, 0]",War of words escalates over Trump's immigration comments | Fox News,,War of words escalates over Trump's immigration comments | Fox News,"[0, 0, 0, 0, 0, 1, 0, 0]","[0, 0, 0, 0, 0, 1, 0, 0]",0,0,0,0,0,1,0,0
79,354,45af6e36-2ef8-499a-b8cf-f622c9c3de8e,2018-01-12 01:14:02,https://www.washingtonpost.com/politics/trump-attacks-protections-for-immigrants-from-shithole-countries-in-oval-office-meeting/2018/01/11/bfc0725c-f711-11e7-91af-31ac729add94_story.html?utm_term=.1df5d53a1082,Trump Attacks Protections For Immigrants From 'Shithole' Countries,1,2,6,99,1,0,0,0,0,0,1,0,0,"[0, 0, 0, 0, 0, 1, 0, 0]",Trump Attacks Protections For Immigrants From 'Shithole' Countries,,Trump Attacks Protections For Immigrants From 'Shithole' Countries,"[0, 0, 0, 0, 0, 1, 0, 0]","[0, 0, 0, 0, 0, 1, 0, 0]",0,0,0,0,0,1,0,0
1869,8588,5d941b54-273d-4995-ad42-e008d627da76,2018-01-03 03:45:04,http://www.latimes.com/sns-bc-us--california-fake-highway-signs-20180103-story.html,Fake highway signs jab at new California immigration law,1,2,7,99,1,0,0,0,0,0,0,1,0,"[0, 0, 0, 0, 0, 0, 1, 0]",Fake highway signs jab at new California immigration law,,Fake highway signs jab at new California immigration law,"[0, 0, 0, 0, 0, 1, 0, 0]","[0, 0, 0, 0, 0, 1, 0, 0]",0,0,0,0,0,1,0,0
33,145,0c21b6a4-4841-4f81-b0a2-36de6317801d,2018-01-14 18:30:57,http://abcnews.go.com/thisweek/video/civil-rights-legend-rep-john-lewis-race-relations-52339630,WATCH: Civil rights legend Rep. John Lewis on race relations and Trump's immigration comment,1,2,4,6,1,0,0,0,1,0,1,0,0,"[0, 0, 0, 1, 0, 1, 0, 0]",WATCH: Civil rights legend Rep. John Lewis on race relations and Trump's immigration comment,,WATCH: Civil rights legend Rep. John Lewis on race relations and Trump's immigration comment,"[0, 0, 0, 0, 0, 1, 0, 0]","[0, 0, 0, 0, 0, 1, 0, 0]",0,0,0,0,0,1,0,0
1540,7127,adfffd6e-9160-42c0-8441-104e8405230c,2018-01-03 04:57:35,http://www.breitbart.com/big-government/2018/01/02/trump-homeland-chief-pushes-for-border-wall-first-and-foremost-before-any-daca-amnesty/,Trump Homeland Chief Pushes for Border Wall: ‘First and Foremost’ Before Any DACA Amnesty,1,2,6,7,1,0,0,0,0,0,1,1,0,"[0, 0, 0, 0, 0, 1, 1, 0]",Trump Homeland Chief Pushes for Border Wall: ‘First and Foremost’ Before Any DACA Amnesty,,Trump Homeland Chief Pushes for Border Wall: ‘First and Foremost’ Before Any DACA Amnesty,"[0, 0, 0, 0, 0, 1, 1, 0]","[0, 0, 0, 0, 0, 1, 1, 0]",0,0,0,0,0,1,1,0
1035,4952,c68d577b-0f02-46b4-bdd2-b25d887c9d15,2018-01-09 12:24:44,http://www.cnn.com/transcripts/1801/08/cnr.02.html,Trump and Allies Defend Mental Fitness; Funding for Border Wall and DACA; North and South Prepare for Talks; Broken Pipe Floods JFK; National Championship Game. Aired 9:30-10a,1,2,6,1,1,1,0,0,0,0,1,0,0,"[1, 0, 0, 0, 0, 1, 0, 0]",Trump and Allies Defend Mental Fitness; Funding for Border Wall and DACA; North and South Prepare for Talks; Broken Pipe Floods JFK; National Championship Game. Aired 9:30-10a,,Trump and Allies Defend Mental Fitness; Funding for Border Wall and DACA; North and South Prepare for Talks; Broken Pipe Floods JFK; National Championship Game. Aired 9:30-10a,"[0, 0, 0, 0, 0, 1, 0, 0]","[0, 0, 0, 0, 0, 1, 0, 0]",0,0,0,0,0,1,0,0
1281,5927,28debbd9-2917-4dc3-a8bc-b7ffcb910a49,2018-01-05 23:57:31,https://www.nytimes.com/reuters/2018/01/05/world/americas/05reuters-california-crime-immigrant.html,Illegal Immigrant Acquitted in California Shooting Gets Three Years on Gun Charge,1,1,2,99,1,0,1,0,0,0,0,0,0,"[0, 1, 0, 0, 0, 0, 0, 0]",Illegal Immigrant Acquitted in California Shooting Gets Three Years on Gun Charge,,Illegal Immigrant Acquitted in California Shooting Gets Three Years on Gun Charge,"[0, 1, 0, 0, 0, 0, 0, 0]","[0, 1, 0, 0, 0, 0, 0, 0]",0,1,0,0,0,0,0,0
352,1721,842d2059-f190-4e65-a4ec-5fb2f18c868c,2018-01-10 02:15:11,https://www.nytimes.com/2018/01/09/us/politics/trump-immigration-meeting-anatomy.html?src=twr,A Brief Anatomy of Trump’s Immigration Meeting With Lawmakers,1,2,6,99,1,0,0,0,0,0,1,0,0,"[0, 0, 0, 0, 0, 1, 0, 0]",A Brief Anatomy of Trump’s Immigration Meeting With Lawmakers,,A Brief Anatomy of Trump’s Immigration Meeting With Lawmakers,"[0, 0, 0, 0, 0, 1, 0, 0]","[0, 0, 0, 0, 0, 1, 0, 0]",0,0,0,0,0,1,0,0
164,792,d1efea46-6b70-4bb6-b37e-9c1e27a10135,2018-01-11 22:00:07,http://thehill.com/homenews/administration/368576-trump-rips-protections-for-immigrants-from-shithole-countries-in,Trump criticized immigration from 's---hole'countries: report,1,2,6,4,1,0,0,0,1,0,1,0,0,"[0, 0, 0, 1, 0, 1, 0, 0]",Trump criticized immigration from 's---hole'countries: report,,Trump criticized immigration from 's---hole'countries: report,"[0, 1, 0, 0, 0, 1, 0, 0]","[0, 1, 0, 0, 0, 1, 0, 0]",0,1,0,0,0,1,0,0
204,992,3d0b816a-9948-4bc7-bf2d-da57bfb8f1be,2018-01-03 14:10:17,https://www.politico.com/story/2018/01/03/north-korea-south-korea-communication-321207,North Korea reopens key cross-border communications with South Korea,2,99,99,99,1,0,0,0,0,0,0,0,0,"[0, 0, 0, 0, 0, 0, 0, 0]",North Korea reopens key cross-border communications with South Korea,,North Korea reopens key cross-border communications with South Korea,"[0, 0, 0, 0, 0, 0, 0, 0]","[0, 0, 0, 0, 0, 0, 0, 0]",0,0,0,0,0,0,0,0
1055,5033,68e87993-85a0-48a8-abea-acf3af6f15f0,2018-01-03 14:29:18,http://www.latimes.com/opinion/readersreact/la-ol-le-border-wall-prototypes-20180103-story.html,Trump's border wall prototypes will one day remind us of how intolerant we were,1,2,6,7,1,0,0,0,0,0,1,1,0,"[0, 0, 0, 0, 0, 1, 1, 0]",Trump's border wall prototypes will one day remind us of how intolerant we were,,Trump's border wall prototypes will one day remind us of how intolerant we were,"[0, 0, 0, 0, 1, 0, 0, 0]","[0, 0, 0, 0, 1, 0, 0, 0]",0,0,0,0,1,0,0,0
1513,6975,063360d3-b524-4ef3-82e3-c6c7ce065277,2018-01-12 18:55:51,http://abcnews.go.com/gma/video/trump-questions-allowing-immigrants-hole-countries-sources-52302586,WATCH: Trump questions allowing immigrants from 's---hole' countries: Sources,1,2,6,4,1,0,0,0,1,0,1,0,0,"[0, 0, 0, 1, 0, 1, 0, 0]",WATCH: Trump questions allowing immigrants from 's---hole' countries: Sources,,WATCH: Trump questions allowing immigrants from 's---hole' countries: Sources,"[0, 1, 0, 0, 0, 1, 0, 0]","[0, 1, 0, 0, 0, 1, 0, 0]",0,1,0,0,0,1,0,0
1595,7362,1fb6aa02-03a6-437a-af5a-0793aae982ce,2018-01-10 09:39:33,https://www.yahoo.com/news/m/f1470428-3439-314b-b5ff-f771850181b5/ss_trump-meeting-with-lawmakers.html,Trump Meeting with Lawmakers to Debate DREAMers & Border Wall Funding,1,2,6,7,1,0,0,0,0,0,1,1,0,"[0, 0, 0, 0, 0, 1, 1, 0]",Trump Meeting with Lawmakers to Debate DREAMers & Border Wall Funding,,Trump Meeting with Lawmakers to Debate DREAMers & Border Wall Funding,"[0, 0, 0, 0, 0, 1, 1, 0]","[0, 0, 0, 0, 0, 1, 1, 0]",0,0,0,0,0,1,1,0
496,2421,6f3c2571-1283-44ec-aa0f-6e26cfb11adf,2018-01-11 19:51:12,http://www.breitbart.com/video/2018/01/11/dem-rep-speier-we-have-an-absolute-obligation-to-these-daca-kids-not-interested-in-building-a-useless-wall/,Dem Rep Speier: ‘We Have an Absolute Obligation to These DACA Kids’ – ‘Not Interested in Building a Useless Wall’,1,2,4,7,1,0,0,0,1,0,0,1,0,"[0, 0, 0, 1, 0, 0, 1, 0]",Dem Rep Speier: ‘We Have an Absolute Obligation to These DACA Kids’ – ‘Not Interested in Building a Useless Wall’,,Dem Rep Speier: ‘We Have an Absolute Obligation to These DACA Kids’ – ‘Not Interested in Building a Useless Wall’,"[0, 0, 0, 0, 0, 1, 0, 0]","[0, 0, 0, 0, 0, 1, 0, 0]",0,0,0,0,0,1,0,0
1946,233,7a105461-344d-41f8-bc6e-733a46da6d9e,2018-02-08 01:10:05,http://www.breitbart.com/big-government/2018/02/07/womens-march-co-founder-perez-daca-rally-american-citizens-us-didnt-cross-border-crossed-us/,"Women’s March Co-Founder Perez at DACA Rally: ‘We Are All American Citizens; Some of Us Didn’t Cross the Border, It Crossed Us’",1,2,8,5,1,0,0,0,0,1,0,0,1,"[0, 0, 0, 0, 1, 0, 0, 1]","Women’s March Co-Founder Perez at DACA Rally: ‘We Are All American Citizens; Some of Us Didn’t Cross the Border, It Crossed Us’",,"Women’s March Co-Founder Perez at DACA Rally: ‘We Are All American Citizens; Some of Us Didn’t Cross the Border, It Crossed Us’","[0, 0, 0, 0, 0, 1, 0, 0]","[0, 0, 0, 0, 0, 1, 0, 0]",0,0,0,0,0,1,0,0
1968,347,530f602e-0570-407f-bbda-269c5d7598ab,2018-02-05 16:44:35,http://www.breitbart.com/jerusalem/2018/02/05/fact-check-yes-george-soros-funded-groups-leading-campaign-israels-deportation-illegal-migrants/,"Fact-Check: Yes, George Soros-Funded Groups Are Behind Campaign Opposing Israel’s Deportation of Illegal Migrants",2,99,99,99,1,0,0,0,0,0,0,0,0,"[0, 0, 0, 0, 0, 0, 0, 0]","Fact-Check: Yes, George Soros-Funded Groups Are Behind Campaign Opposing Israel’s Deportation of Illegal Migrants",,"Fact-Check: Yes, George Soros-Funded Groups Are Behind Campaign Opposing Israel’s Deportation of Illegal Migrants","[0, 0, 0, 0, 0, 1, 0, 0]","[0, 0, 0, 0, 0, 1, 0, 0]",0,0,0,0,0,1,0,0
835,4044,c6489053-e9cd-4d93-ac46-f96125f8ebc3,2018-01-10 16:12:20,https://www.newsmax.com/politics/mark-krikorian-trump-daca-meeting/2018/01/10/id/836269/,Mark Krikorian: Trump Sounded 'More Like Jeb Bush'at Immigration Meeting,1,2,6,99,1,0,0,0,0,0,1,0,0,"[0, 0, 0, 0, 0, 1, 0, 0]",Mark Krikorian: Trump Sounded 'More Like Jeb Bush'at Immigration Meeting,,Mark Krikorian: Trump Sounded 'More Like Jeb Bush'at Immigration Meeting,"[0, 0, 0, 0, 0, 1, 0, 0]","[0, 0, 0, 0, 0, 1, 0, 0]",0,0,0,0,0,1,0,0
611,2991,cf4dcbd3-8995-494a-a602-721f4bf21df0,2018-01-04 20:14:46,http://www.nbcnews.com/storyline/immigration-border-crisis/motel-6-gave-guest-information-immigration-authorities-washington-ag-says-n834566,"Elaine Thompson / AP Motel 6 gave guest info to immigration authorities, Washington AG says",1,1,2,99,1,0,1,0,0,0,0,0,0,"[0, 1, 0, 0, 0, 0, 0, 0]","Elaine Thompson / AP Motel 6 gave guest info to immigration authorities, Washington AG says",,"Elaine Thompson / AP Motel 6 gave guest info to immigration authorities, Washington AG says","[0, 0, 0, 0, 0, 0, 1, 0]","[0, 0, 0, 0, 0, 0, 1, 0]",0,0,0,0,0,0,1,0
433,2140,f894a206-05d1-4fac-824d-66139ed777d3,2018-01-13 02:45:36,https://www.usatoday.com/story/sports/nba/2018/01/12/beal-wall-score-30-apiece-wizards-down-magic-125-119/109411090/,"Beal, Wall score 30 apiece; Wizards down Magic 125-119",2,99,99,99,1,0,0,0,0,0,0,0,0,"[0, 0, 0, 0, 0, 0, 0, 0]","Beal, Wall score 30 apiece; Wizards down Magic 125-119",,"Beal, Wall score 30 apiece; Wizards down Magic 125-119","[0, 0, 0, 0, 0, 0, 0, 0]","[0, 0, 0, 0, 0, 0, 0, 0]",0,0,0,0,0,0,0,0
1376,6372,8605f0a9-7c67-436c-90eb-e86a104a4fa3,2018-01-11 21:05:37,https://www.cbsnews.com/news/senators-work-towards-immigration-deal/,"Some bipartisan senators say they've reached ""agreement in principle"" on immigration",1,2,6,99,1,0,0,0,0,0,1,0,0,"[0, 0, 0, 0, 0, 1, 0, 0]","Some bipartisan senators say they've reached ""agreement in principle"" on immigration",,"Some bipartisan senators say they've reached ""agreement in principle"" on immigration","[0, 0, 0, 0, 0, 1, 1, 0]","[0, 0, 0, 0, 0, 1, 1, 0]",0,0,0,0,0,1,1,0
219,1056,d306a6d3-45f8-4258-b975-b4cffcb11e84,2018-01-09 18:00:20,http://www.breitbart.com/video/2018/01/09/schumer-building-medieval-border-wall-ineffective-political-gesture/,Schumer: Building a ‘Medieval' Border Wall Is an 'Ineffective Political Gesture' - Breitbart,1,2,6,7,1,0,0,0,0,0,1,1,0,"[0, 0, 0, 0, 0, 1, 1, 0]",Schumer: Building a ‘Medieval' Border Wall Is an 'Ineffective Political Gesture' - Breitbart,,Schumer: Building a ‘Medieval' Border Wall Is an 'Ineffective Political Gesture' - Breitbart,"[0, 0, 0, 0, 0, 1, 0, 0]","[0, 0, 0, 0, 0, 1, 0, 0]",0,0,0,0,0,1,0,0
1933,196,6127bde3-d6ee-4977-9cb0-1ec78442a0b4,2018-02-08 10:21:32,https://www.nytimes.com/reuters/2018/02/08/world/middleeast/08reuters-lebanon-israel-envoy.html,Lebanese Official: U.S. Envoy Said Israel Seeks No Escalation in Dispute Over Wall,2,99,99,99,1,0,0,0,0,0,0,0,0,"[0, 0, 0, 0, 0, 0, 0, 0]",Lebanese Official: U.S. Envoy Said Israel Seeks No Escalation in Dispute Over Wall,,Lebanese Official: U.S. Envoy Said Israel Seeks No Escalation in Dispute Over Wall,"[0, 0, 0, 0, 0, 0, 0, 0]","[0, 0, 0, 0, 0, 0, 0, 0]",0,0,0,0,0,0,0,0
860,4162,24097b45-f7f8-49de-802b-c5eec0d7c718,2018-01-11 04:55:27,http://www.newsweek.com/trump-wrong-green-card-immigrants-terrorist-threat-775970,Trump Is Wrong. Green-Card Immigrants Aren’t a Terrorist Threat,1,2,6,99,1,0,0,0,0,0,1,0,0,"[0, 0, 0, 0, 0, 1, 0, 0]",Trump Is Wrong. Green-Card Immigrants Aren’t a Terrorist Threat,,Trump Is Wrong. Green-Card Immigrants Aren’t a Terrorist Threat,"[0, 1, 0, 0, 0, 0, 0, 0]","[0, 1, 0, 0, 0, 0, 0, 0]",0,1,0,0,0,0,0,0
631,3095,33f5019a-68aa-48e4-810c-5a10eab10e15,2018-01-03 17:36:38,https://www.nytimes.com/2018/01/03/arts/design/is-donald-trump-wall-builder-in-chief-a-conceptual-artist.html,"Is Donald Trump, Wall-Builder-in-Chief, a Conceptual Artist?",1,2,6,7,1,0,0,0,0,0,1,1,0,"[0, 0, 0, 0, 0, 1, 1, 0]","Is Donald Trump, Wall-Builder-in-Chief, a Conceptual Artist?",,"Is Donald Trump, Wall-Builder-in-Chief, a Conceptual Artist?","[0, 0, 0, 0, 0, 0, 0, 0]","[0, 0, 0, 0, 0, 0, 0, 0]",0,0,0,0,0,0,0,0
1768,8185,5627c7c6-e9df-4f04-b7c5-a662924fb7e1,2018-01-14 23:44:31,http://www.breitbart.com/video/2018/01/14/rand-paul-cant-immigration-reform-everybodys-calling-trump-racist/?utm_source=feedburner&utm_medium=feed&utm_campaign=feed%3a+breitbart+%28breitbart+news%29,Rand Paul: We Can’t Do Immigration Reform ‘If Everybody’s Out There Calling’ Trump a ‘Racist’,1,2,6,7,1,0,0,0,0,0,1,1,0,"[0, 0, 0, 0, 0, 1, 1, 0]",Rand Paul: We Can’t Do Immigration Reform ‘If Everybody’s Out There Calling’ Trump a ‘Racist’,,Rand Paul: We Can’t Do Immigration Reform ‘If Everybody’s Out There Calling’ Trump a ‘Racist’,"[0, 0, 0, 0, 0, 1, 0, 0]","[0, 0, 0, 0, 0, 1, 0, 0]",0,0,0,0,0,1,0,0
1190,5591,208187f2-8414-4aac-b916-e9c0422a6fa3,2018-01-04 00:29:55,http://www.breitbart.com/big-government/2018/01/03/poll-massive-support-trump-immigration-policies/,Poll: Massive Support for Trump Immigration Policies Hispanics **most** hostile to increase,1,2,6,7,1,0,0,0,0,0,1,1,0,"[0, 0, 0, 0, 0, 1, 1, 0]",Poll: Massive Support for Trump Immigration Policies Hispanics **most** hostile to increase,,Poll: Massive Support for Trump Immigration Policies Hispanics **most** hostile to increase,"[0, 0, 0, 0, 0, 1, 0, 1]","[0, 0, 0, 0, 0, 1, 0, 1]",0,0,0,0,0,1,0,1
60,272,f924a7e0-3247-4f95-8c88-44947bf098ca,2018-01-11 03:19:53,https://www.huffingtonpost.com/entry/immigration-7-eleven_us_5a56a322e4b08a1f624b3839,Immigration Agents Raid Nearly 100 7-Eleven Stores Nationwide In Show Of Force,1,1,99,99,1,0,0,0,0,0,0,0,0,"[0, 0, 0, 0, 0, 0, 0, 0]",Immigration Agents Raid Nearly 100 7-Eleven Stores Nationwide In Show Of Force,,Immigration Agents Raid Nearly 100 7-Eleven Stores Nationwide In Show Of Force,"[0, 1, 0, 0, 0, 0, 0, 0]","[0, 1, 0, 0, 0, 0, 0, 0]",0,1,0,0,0,0,0,0
299,1486,e1d7ecdb-9a6c-4e30-ab1c-0de2f6817656,2018-01-09 19:11:13,http://www.foxnews.com/politics/2018/01/09/dems-change-tune-on-border-wall-after-backing-barrier-under-obama.html?utm_source=feedburner&utm_medium=feed&utm_campaign=feed%3a+foxnews%2fpolitics+%28internal+-+politics+-+text%29,"Dems change tune on border wall, after backing barrier under Obama",1,2,6,7,1,0,0,0,0,0,1,1,0,"[0, 0, 0, 0, 0, 1, 1, 0]","Dems change tune on border wall, after backing barrier under Obama",,"Dems change tune on border wall, after backing barrier under Obama","[0, 0, 0, 0, 0, 1, 0, 0]","[0, 0, 0, 0, 0, 1, 0, 0]",0,0,0,0,0,1,0,0
1713,7915,a04b0d44-6556-40cb-9746-f869046966f8,2018-01-03 07:40:59,http://www.foxnews.com/world/2018/01/03/north-korea-and-south-korea-reopen-key-border-communication-channel.html,North Korea and South Korea reopen key border communication channel,2,99,99,99,1,0,0,0,0,0,0,0,0,"[0, 0, 0, 0, 0, 0, 0, 0]",North Korea and South Korea reopen key border communication channel,,North Korea and South Korea reopen key border communication channel,"[0, 0, 0, 0, 0, 0, 0, 0]","[0, 0, 0, 0, 0, 0, 0, 0]",0,0,0,0,0,0,0,0
74,317,5dcf4787-1653-4d54-a2c3-004a6ef75bd0,2018-01-12 13:05:51,https://www.nytimes.com/2018/01/12/us/politics/trump-immigration-congress.html,Trump Appears to Deny Using Racially Charged Language About Immigrants,1,2,6,4,1,0,0,0,1,0,1,0,0,"[0, 0, 0, 1, 0, 1, 0, 0]",Trump Appears to Deny Using Racially Charged Language About Immigrants,,Trump Appears to Deny Using Racially Charged Language About Immigrants,"[0, 0, 0, 0, 0, 1, 0, 0]","[0, 0, 0, 0, 0, 1, 0, 0]",0,0,0,0,0,1,0,0
163,777,9edd6e5f-a015-4894-bc2b-840ace305ff7,2018-01-11 04:45:19,https://www.wsj.com/articles/immigration-officials-swarm-7-elevens-issue-warning-to-u-s-businesses-1515619043,7-Eleven Stores Targeted by Immigration Authorities,1,1,1,99,1,1,0,0,0,0,0,0,0,"[1, 0, 0, 0, 0, 0, 0, 0]",7-Eleven Stores Targeted by Immigration Authorities,,7-Eleven Stores Targeted by Immigration Authorities,"[0, 1, 0, 0, 0, 0, 1, 0]","[0, 1, 0, 0, 0, 0, 1, 0]",0,1,0,0,0,0,1,0
1463,6771,67b83e60-da23-42f5-883d-f54b58ef4a28,2018-01-13 10:12:09,https://www.nytimes.com/aponline/2018/01/13/world/europe/ap-eu-czech-presidential-election.html,Czechs Vote for President; Anti-Migrant Incumbent Is Favored,2,99,99,99,1,0,0,0,0,0,0,0,0,"[0, 0, 0, 0, 0, 0, 0, 0]",Czechs Vote for President; Anti-Migrant Incumbent Is Favored,,Czechs Vote for President; Anti-Migrant Incumbent Is Favored,"[0, 0, 0, 0, 0, 1, 0, 0]","[0, 0, 0, 0, 0, 1, 0, 0]",0,0,0,0,0,1,0,0
1596,7363,2f582b67-18fd-4e9a-b939-3e8ba47d4bcc,2018-01-11 19:33:51,http://www.foxnews.com/us/2018/01/11/immigrant-stripped-citizenship-under-federal-initiative.html,Immigrant stripped of citizenship under federal initiative,1,1,4,99,1,0,0,0,1,0,0,0,0,"[0, 0, 0, 1, 0, 0, 0, 0]",Immigrant stripped of citizenship under federal initiative,,Immigrant stripped of citizenship under federal initiative,"[0, 0, 0, 0, 0, 0, 1, 0]","[0, 0, 0, 0, 0, 0, 1, 0]",0,0,0,0,0,0,1,0
1765,8172,b63b72f4-18b9-47e7-89e6-e51e9ae6cf69,2018-01-09 19:51:07,http://thehill.com/homenews/senate/368139-trump-lawmakers-agree-to-parameters-of-potential-immigration-deal,"Trump, lawmakers agree to parameters of potential immigration deal",1,2,6,7,1,0,0,0,0,0,1,1,0,"[0, 0, 0, 0, 0, 1, 1, 0]","Trump, lawmakers agree to parameters of potential immigration deal",,"Trump, lawmakers agree to parameters of potential immigration deal","[0, 0, 0, 0, 0, 1, 1, 0]","[0, 0, 0, 0, 0, 1, 1, 0]",0,0,0,0,0,1,1,0
1188,5589,0a8562a9-7960-4254-9312-b1cc3c560424,2018-01-14 18:39:45,https://www.huffingtonpost.com/entry/pope-francis-immigrants_us_5a5ba151e4b03c418966aefc,Pope Francis Says ‘Doubts And Fears’ Should Not Determine Response To Immigrants,2,99,99,99,1,0,0,0,0,0,0,0,0,"[0, 0, 0, 0, 0, 0, 0, 0]",Pope Francis Says ‘Doubts And Fears’ Should Not Determine Response To Immigrants,,Pope Francis Says ‘Doubts And Fears’ Should Not Determine Response To Immigrants,"[0, 0, 0, 0, 1, 0, 0, 0]","[0, 0, 0, 0, 1, 0, 0, 0]",0,0,0,0,1,0,0,0
592,2906,927f1b74-f219-40d1-b6da-b33314de12b1,2018-01-03 14:40:03,http://www.foxnews.com/politics/2018/01/03/us-judge-orders-release-detained-iraqis-waiting-deportation-over-criminal-convictions.html?utm_source=feedburner&utm_medium=feed&utm_campaign=feed%3a+foxnews%2fpolitics+%28internal+-+politics+-+text%29,US judge orders release of detained Iraqis waiting deportation over criminal convictions,2,99,99,99,1,0,0,0,0,0,0,0,0,"[0, 0, 0, 0, 0, 0, 0, 0]",US judge orders release of detained Iraqis waiting deportation over criminal convictions,,US judge orders release of detained Iraqis waiting deportation over criminal convictions,"[0, 1, 0, 0, 0, 0, 1, 0]","[0, 1, 0, 0, 0, 0, 1, 0]",0,1,0,0,0,0,1,0
317,1562,83769580-52e4-4b79-a416-d552c2f299c9,2018-01-11 14:16:59,http://www.breitbart.com/london/2018/01/11/european-court-rejects-swedish-proposal-deport-terrorist-migrant/,European Court Rejects Swedish Proposal To Deport Terrorist Migrant,2,99,99,99,1,0,0,0,0,0,0,0,0,"[0, 0, 0, 0, 0, 0, 0, 0]",European Court Rejects Swedish Proposal To Deport Terrorist Migrant,,European Court Rejects Swedish Proposal To Deport Terrorist Migrant,"[0, 1, 0, 0, 0, 0, 0, 0]","[0, 1, 0, 0, 0, 0, 0, 0]",0,1,0,0,0,0,0,0
46,234,0c1bd136-2cb0-476f-8853-8e92d0226373,2018-01-09 03:18:27,http://abcnews.go.com/international/wirestory/expulsion-somalis-botched-deportation-flight-halted-52216556,Expulsion of Somalis on botched deportation flight halted,2,99,99,99,1,0,0,0,0,0,0,0,0,"[0, 0, 0, 0, 0, 0, 0, 0]",Expulsion of Somalis on botched deportation flight halted,,Expulsion of Somalis on botched deportation flight halted,"[0, 1, 0, 1, 0, 0, 0, 0]","[0, 1, 0, 1, 0, 0, 0, 0]",0,1,0,1,0,0,0,0
1601,7385,ef6cd093-cad5-4cf3-9c00-629eaffd9896,2018-01-09 05:14:53,http://www.breitbart.com/news/2-koreas-say-they-seek-breakthrough-at-rare-border-talks/,2 Koreas say they seek breakthrough at rare border talks - Breitbart,2,99,99,99,1,0,0,0,0,0,0,0,0,"[0, 0, 0, 0, 0, 0, 0, 0]",2 Koreas say they seek breakthrough at rare border talks - Breitbart,,2 Koreas say they seek breakthrough at rare border talks - Breitbart,"[0, 0, 0, 0, 0, 0, 0, 0]","[0, 0, 0, 0, 0, 0, 0, 0]",0,0,0,0,0,0,0,0
1437,6657,be089d68-5e70-45cd-a2e5-33da3bc85062,2018-01-11 05:06:36,https://www.nytimes.com/reuters/2018/01/11/us/politics/10reuters-usa-trump-tweet.html,"Factbox: Trump on Twitter (January 10)-U.S. Court System, Feinstein, Border Wall",1,2,6,7,1,0,0,0,0,0,1,1,0,"[0, 0, 0, 0, 0, 1, 1, 0]","Factbox: Trump on Twitter (January 10)-U.S. Court System, Feinstein, Border Wall",,"Factbox: Trump on Twitter (January 10)-U.S. Court System, Feinstein, Border Wall","[0, 0, 0, 0, 0, 1, 0, 0]","[0, 0, 0, 0, 0, 1, 0, 0]",0,0,0,0,0,1,0,0
428,2098,9c03603b-2b18-4574-b038-37825524bca5,2018-01-10 14:25:11,http://abcnews.go.com/Politics/wireStory/latest-white-house-blasts-ruling-immigrants-program-52256859,The Latest: White House blasts ruling on immigrants program,1,2,6,99,1,0,0,0,0,0,1,0,0,"[0, 0, 0, 0, 0, 1, 0, 0]",The Latest: White House blasts ruling on immigrants program,,The Latest: White House blasts ruling on immigrants program,"[0, 0, 0, 0, 0, 1, 0, 0]","[0, 0, 0, 0, 0, 1, 0, 0]",0,0,0,0,0,1,0,0
582,2865,4594bf48-9b4a-4f14-a6a8-644183b3b3f5,2018-01-05 18:40:42,https://www.newsmax.com/world/europe/eu-germany-hungary/2018/01/05/id/835414/,"Bavarian Leaders Want Eastern Alliance, Migrant Solutions",2,99,99,99,1,0,0,0,0,0,0,0,0,"[0, 0, 0, 0, 0, 0, 0, 0]","Bavarian Leaders Want Eastern Alliance, Migrant Solutions",,"Bavarian Leaders Want Eastern Alliance, Migrant Solutions","[0, 0, 0, 0, 0, 0, 1, 0]","[0, 0, 0, 0, 0, 0, 1, 0]",0,0,0,0,0,0,1,0
77,341,bdf6cd18-41b4-4014-9e95-58f512434d05,2018-01-04 05:39:24,https://www.yahoo.com/news/m/f7b71161-3c9f-3d89-bd23-b8655e3a41ae/ss_north-korea-reopens-border.html,North Korea reopens border hotline as Trump boasts of 'bigger'nuclear,2,99,99,99,1,0,0,0,0,0,0,0,0,"[0, 0, 0, 0, 0, 0, 0, 0]",North Korea reopens border hotline as Trump boasts of 'bigger'nuclear,,North Korea reopens border hotline as Trump boasts of 'bigger'nuclear,"[0, 0, 0, 0, 0, 0, 0, 0]","[0, 0, 0, 0, 0, 0, 0, 0]",0,0,0,0,0,0,0,0
1919,112,00dc54eb-e9d9-4440-810d-04c01a4d2807,2018-02-09 20:20:12,http://abcnews.go.com/us/christian-indonesians-jersey-fear-deportation-hostile-homeland-seek/story?id=52916931,"Christian Indonesians fear deportation to hostile homeland, seek sanctuary at church",1,2,8,4,1,0,0,0,1,0,0,0,1,"[0, 0, 0, 1, 0, 0, 0, 1]","Christian Indonesians fear deportation to hostile homeland, seek sanctuary at church",,"Christian Indonesians fear deportation to hostile homeland, seek sanctuary at church","[0, 1, 0, 1, 0, 0, 0, 0]","[0, 1, 0, 1, 0, 0, 0, 0]",0,1,0,1,0,0,0,0
1626,7514,879c07ad-6ecb-4a59-8b79-de2fc062e4a4,2018-01-13 00:39:14,http://www.foxnews.com/politics/2018/01/12/texas-immigrants-detail-life-on-daca-roller-coaster.html,Texas immigrants detail life on the DACA 'roller coaster',1,2,8,7,1,0,0,0,0,0,0,1,1,"[0, 0, 0, 0, 0, 0, 1, 1]",Texas immigrants detail life on the DACA 'roller coaster',,Texas immigrants detail life on the DACA 'roller coaster',"[0, 0, 0, 1, 0, 0, 0, 0]","[0, 0, 0, 1, 0, 0, 0, 0]",0,0,0,1,0,0,0,0
781,3812,a78f9067-0cdc-4a42-8811-476173659495,2018-01-05 11:13:34,http://www.cnn.com/2018/01/05/politics/republicans-immigration-daca-fight-2013/index.html,What 2013 immigration battle taught GOP about today's DACA fight,1,2,7,99,1,0,0,0,0,0,0,1,0,"[0, 0, 0, 0, 0, 0, 1, 0]",What 2013 immigration battle taught GOP about today's DACA fight,,What 2013 immigration battle taught GOP about today's DACA fight,"[0, 0, 0, 0, 0, 1, 0, 0]","[0, 0, 0, 0, 0, 1, 0, 0]",0,0,0,0,0,1,0,0
1922,123,b3a1f370-7999-4c68-ad7e-2fa527502c24,2018-02-07 11:46:56,https://www.usatoday.com/story/opinion/2018/02/07/trumps-ice-going-after-immigration-activists-like-me-whos-next-tania-unzueta-carrasco-column/1080396001/,Trump is going after immigration activists like me. Will you be next?,1,2,6,99,1,0,0,0,0,0,1,0,0,"[0, 0, 0, 0, 0, 1, 0, 0]",Trump is going after immigration activists like me. Will you be next?,,Trump is going after immigration activists like me. Will you be next?,"[0, 0, 0, 0, 0, 1, 0, 0]","[0, 0, 0, 0, 0, 1, 0, 0]",0,0,0,0,0,1,0,0
1338,6178,1b2c4317-bf24-4bfe-8fd4-551a2f08380a,2018-01-05 21:06:24,http://www.latimes.com/nation/sns-bc-us--san-francisco-pier-shooting-20180105-story.html,Immigrant acquitted of killing is sentenced for gun charge,1,1,2,99,1,0,1,0,0,0,0,0,0,"[0, 1, 0, 0, 0, 0, 0, 0]",Immigrant acquitted of killing is sentenced for gun charge,,Immigrant acquitted of killing is sentenced for gun charge,"[0, 1, 0, 0, 0, 0, 0, 0]","[0, 1, 0, 0, 0, 0, 0, 0]",0,1,0,0,0,0,0,0
1322,6117,8d646a05-60a7-48c4-89ec-c2fc32a5dd96,2018-01-03 01:42:48,https://www.washingtonpost.com/national/fake-highway-signs-jab-at-new-california-immigration-law/2018/01/02/5c72c2a6-f025-11e7-95e3-eff284e71c8d_story.html,Fake highway signs jab at new California immigration law,1,2,7,99,1,0,0,0,0,0,0,1,0,"[0, 0, 0, 0, 0, 0, 1, 0]",Fake highway signs jab at new California immigration law,,Fake highway signs jab at new California immigration law,"[0, 0, 0, 0, 0, 1, 0, 0]","[0, 0, 0, 0, 0, 1, 0, 0]",0,0,0,0,0,1,0,0
1677,7798,c2a65088-3185-4f3e-afa2-7b71f4e129bf,2018-01-04 08:11:59,https://www.huffingtonpost.com/entry/immigration-ice-sanctuary-policies_us_5a4d6610e4b06d1621bd0682?ncid=inblnkushpmg00000009,ICE Chief Wants To Prosecute Politicians Who Won’t Lock Up More Immigrants,1,2,2,99,1,0,1,0,0,0,0,0,0,"[0, 1, 0, 0, 0, 0, 0, 0]",ICE Chief Wants To Prosecute Politicians Who Won’t Lock Up More Immigrants,,ICE Chief Wants To Prosecute Politicians Who Won’t Lock Up More Immigrants,"[0, 0, 0, 0, 0, 1, 0, 0]","[0, 0, 0, 0, 0, 1, 0, 0]",0,0,0,0,0,1,0,0
31,139,21672fda-61df-4653-a55d-2cf2fad693ce,2018-01-02 13:03:22,https://www.usatoday.com/story/opinion/2018/01/02/immigration-trump-positioned-do-what-obama-and-bush-couldnt-ali-noorani-column/993548001/,"On immigration, Trump is positioned to do what Obama and Bush couldn't",1,2,6,99,1,0,0,0,0,0,1,0,0,"[0, 0, 0, 0, 0, 1, 0, 0]","On immigration, Trump is positioned to do what Obama and Bush couldn't",,"On immigration, Trump is positioned to do what Obama and Bush couldn't","[0, 0, 0, 0, 0, 1, 0, 0]","[0, 0, 0, 0, 0, 1, 0, 0]",0,0,0,0,0,1,0,0
1344,6203,2f52211a-a8ae-4806-aa85-f1b1a8d22d25,2018-01-08 14:53:44,https://www.washingtonpost.com/news/world/wp/2018/01/08/200000-salvadorans-will-be-forced-to-leave-the-u-s-or-face-deportation-as-trump-administration-ends-immigration-protection/?utm_term=.2aa64322dfa2&tidr=a_breakingnews,"200,000 Salvadorans will be forced to leave the U.S. or face deportation as Trump administration ends immigration protection",1,2,4,6,1,0,0,0,1,0,1,0,0,"[0, 0, 0, 1, 0, 1, 0, 0]","200,000 Salvadorans will be forced to leave the U.S. or face deportation as Trump administration ends immigration protection",,"200,000 Salvadorans will be forced to leave the U.S. or face deportation as Trump administration ends immigration protection","[1, 0, 0, 1, 0, 0, 0, 0]","[1, 0, 0, 1, 0, 0, 0, 0]",1,0,0,1,0,0,0,0
1925,146,0427ffd6-215c-46d1-add1-d3bda184a453,2018-02-02 12:41:00,http://www.cnn.com/transcripts/1801/31/cnr.19.html,Russia Investigation; Trump Uses State Of The Union To Go All In On Immigration Reform; FEMA To End Food And Water Aid To Puerto Rico; U.K. Parliament Buildings In Need Of Massive Repairs; Rare; Trump Appeared To,2,99,99,99,1,0,0,0,0,0,0,0,0,"[0, 0, 0, 0, 0, 0, 0, 0]",Russia Investigation; Trump Uses State Of The Union To Go All In On Immigration Reform; FEMA To End Food And Water Aid To Puerto Rico; U.K. Parliament Buildings In Need Of Massive Repairs; Rare; Trump Appeared To,,Russia Investigation; Trump Uses State Of The Union To Go All In On Immigration Reform; FEMA To End Food And Water Aid To Puerto Rico; U.K. Parliament Buildings In Need Of Massive Repairs; Rare; Trump Appeared To,"[0, 0, 0, 0, 0, 1, 0, 0]","[0, 0, 0, 0, 0, 1, 0, 0]",0,0,0,0,0,1,0,0
1231,5740,107437a4-24c7-4644-ad09-53b14a4e0753,2018-01-10 11:27:10,https://www.politico.com/newsletters/playbook/2018/01/10/breaking-overnight-sf-federal-judge-blocks-trump-from-ending-daca-translating-trump-on-immigration-earmarks-scoop-mich-candidate-dumps-5m-into-senate-race-annie-karni-on-ivanka-bday-jared-kushner-235926,"BREAKING OVERNIGHT: S.F. federal judge BLOCKS Trump from ending DACA -- TRANSLATING Trump on immigration, earmarks -- SCOOP: Mich. candidate dumps 5M into Senate race -- ANNIE KARNI on IVANKA -- B’DAY: JARED KUSHNER",1,2,6,7,1,0,0,0,0,0,1,1,0,"[0, 0, 0, 0, 0, 1, 1, 0]","BREAKING OVERNIGHT: S.F. federal judge BLOCKS Trump from ending DACA -- TRANSLATING Trump on immigration, earmarks -- SCOOP: Mich. candidate dumps 5M into Senate race -- ANNIE KARNI on IVANKA -- B’DAY: JARED KUSHNER",,"BREAKING OVERNIGHT: S.F. federal judge BLOCKS Trump from ending DACA -- TRANSLATING Trump on immigration, earmarks -- SCOOP: Mich. candidate dumps 5M into Senate race -- ANNIE KARNI on IVANKA -- B’DAY: JARED KUSHNER","[0, 0, 0, 0, 0, 1, 0, 0]","[0, 0, 0, 0, 0, 1, 0, 0]",0,0,0,0,0,1,0,0
1915,49,75b31b23-b563-4464-aa62-e4d1d36af07f,2018-02-08 21:23:08,http://www.breitbart.com/news/mattis-immigrant-service-members-wont-face-deportation/,Mattis: Immigrant service members won’t face deportation,1,2,6,7,1,0,0,0,0,0,1,1,0,"[0, 0, 0, 0, 0, 1, 1, 0]",Mattis: Immigrant service members won’t face deportation,,Mattis: Immigrant service members won’t face deportation,"[0, 0, 0, 0, 0, 0, 1, 0]","[0, 0, 0, 0, 0, 0, 1, 0]",0,0,0,0,0,0,1,0
927,4463,8ade53d8-540f-4052-a762-ecc8a53ab893,2018-01-10 17:05:00,http://abcnews.go.com/US/wireStory/apnewsbreak-eleven-probe-opens-front-immigration-52260442,APNewsBreak: 7-Eleven probe opens new front on immigration,1,2,1,99,1,1,0,0,0,0,0,0,0,"[1, 0, 0, 0, 0, 0, 0, 0]",APNewsBreak: 7-Eleven probe opens new front on immigration,,APNewsBreak: 7-Eleven probe opens new front on immigration,"[0, 0, 0, 0, 0, 1, 0, 0]","[0, 0, 0, 0, 0, 1, 0, 0]",0,0,0,0,0,1,0,0
515,2529,bc01c943-588f-4d9a-a08e-072585dc1205,2018-01-14 21:55:46,http://www.breitbart.com/big-government/2018/01/14/rep-labrador-mid-term-elections-amnesty-immigration/,"Labrador: Mid-Terms All About Amnesty, Immigration…",1,2,6,99,1,0,0,0,0,0,1,0,0,"[0, 0, 0, 0, 0, 1, 0, 0]","Labrador: Mid-Terms All About Amnesty, Immigration…",,"Labrador: Mid-Terms All About Amnesty, Immigration…","[0, 0, 0, 0, 0, 1, 0, 0]","[0, 0, 0, 0, 0, 1, 0, 0]",0,0,0,0,0,1,0,0
1553,7187,b4291bc4-6959-47ff-88f1-c50af55c818f,2018-01-08 22:57:55,https://www.nytimes.com/aponline/2018/01/08/world/asia/ap-as-koreas-tensions.html,South Korean Officials Head to Border for Talks With North,2,99,99,99,1,0,0,0,0,0,0,0,0,"[0, 0, 0, 0, 0, 0, 0, 0]",South Korean Officials Head to Border for Talks With North,,South Korean Officials Head to Border for Talks With North,"[0, 0, 0, 0, 0, 0, 0, 0]","[0, 0, 0, 0, 0, 0, 0, 0]",0,0,0,0,0,0,0,0
1570,7266,2ed132c4-cc5d-45fa-9e03-99fc5a1fb83f,2018-01-03 12:57:54,http://www.latimes.com/world/la-fg-korea-communications-20180103-story.html,North Korea reopens cross-border communications with South Korea,2,99,99,99,1,0,0,0,0,0,0,0,0,"[0, 0, 0, 0, 0, 0, 0, 0]",North Korea reopens cross-border communications with South Korea,,North Korea reopens cross-border communications with South Korea,"[0, 0, 0, 0, 0, 0, 0, 0]","[0, 0, 0, 0, 0, 0, 0, 0]",0,0,0,0,0,0,0,0
1813,8348,7ff33a43-9cb4-408b-acc1-69851d62e447,2018-01-04 16:25:26,http://www.newsweek.com/sanctuary-city-mayor-stands-ice-leader-threat-770640,Sanctuary City Mayor Stands Up to Immigration and Customs Enforcement Leader’s Threat,1,2,6,99,1,0,0,0,0,0,1,0,0,"[0, 0, 0, 0, 0, 1, 0, 0]",Sanctuary City Mayor Stands Up to Immigration and Customs Enforcement Leader’s Threat,,Sanctuary City Mayor Stands Up to Immigration and Customs Enforcement Leader’s Threat,"[0, 0, 0, 0, 0, 1, 0, 0]","[0, 0, 0, 0, 0, 1, 0, 0]",0,0,0,0,0,1,0,0
1576,7281,a5a10fc0-e6ff-4bda-ab00-324867aed841,2018-01-10 02:34:25,http://www.theblaze.com/news/2018/01/09/tucker-carlson-rips-into-trump-for-trusting-democrats-on-immigration-deal/,Tucker Carlson rips into Trump for trusting Democrats on immigration deal,1,2,6,7,1,0,0,0,0,0,1,1,0,"[0, 0, 0, 0, 0, 1, 1, 0]",Tucker Carlson rips into Trump for trusting Democrats on immigration deal,,Tucker Carlson rips into Trump for trusting Democrats on immigration deal,"[0, 0, 0, 0, 0, 1, 0, 0]","[0, 0, 0, 0, 0, 1, 0, 0]",0,0,0,0,0,1,0,0
45,221,242df291-e53c-42af-b23f-8843fc1c236e,2018-01-10 20:39:34,http://www.breitbart.com/video/2018/01/10/rand-ill-vote-for-barriers-on-the-border-but-not-to-spend-40-billion-on-them/,"Rand: I'll Vote for Barriers on the Border, But Not to Spend $40 Billion on Them - Breitbart",1,2,6,1,1,1,0,0,0,0,1,0,0,"[1, 0, 0, 0, 0, 1, 0, 0]","Rand: I'll Vote for Barriers on the Border, But Not to Spend $40 Billion on Them - Breitbart",,"Rand: I'll Vote for Barriers on the Border, But Not to Spend $40 Billion on Them - Breitbart","[0, 0, 0, 0, 0, 1, 1, 0]","[0, 0, 0, 0, 0, 1, 1, 0]",0,0,0,0,0,1,1,0
